ID,Source,Shape,Command,What it really does (sandbox),Observed in sandbox,Pattern list (today),Fail-closed list,Algorithm,"Algorithm, composition off",Algorithm's undo restored it?,Change: pattern list → algorithm,Algorithm's reason
N001,NL2Bash,runtime,"find . -name ""*.txt"" -print | grep -v 'Permission denied'",Loses nothing,nothing that existed was lost,Ran (correct),Ran (correct),Ran (correct),Asked needlessly,yes,No change,
N002,NL2Bash,runtime,"find `pwd` -name ""accepted_hits.bam"" | xargs -i echo somecommand {}",Loses nothing,nothing that existed was lost,Ran (correct),Ran (correct),Ran (correct),Asked needlessly,yes,No change,
N003,NL2Bash,runtime,find . -type f ! -perm -444,Loses nothing,nothing that existed was lost,Ran (correct),Ran (correct),Ran (correct),Asked needlessly,yes,No change,
N004,NL2Bash,runtime,find -type f -exec chmod 644 {} \;,Loses nothing,nothing that existed was lost,Ran (correct),Asked needlessly,Ran (correct),Asked needlessly,yes,No change,
N005,NL2Bash,runtime,find . -type f,Loses nothing,nothing that existed was lost,Ran (correct),Ran (correct),Ran (correct),Asked needlessly,yes,No change,
N006,NL2Bash,plain,sudo chmod +x java_ee_sdk-6u2-jdk-linux-x64.sh,Loses data; recoverable if backed up first,changed mode or owner of java_ee_sdk-6u2-jdk-linux-x64.sh,Silent loss,"Asked, no backup","Backed up, restore verified","Asked, no backup",yes,Better: silent loss → backed up,change metadata of /tmp/listpilot-254324333/java_ee_sdk-6u2-jdk-linux-x64.sh
N007,NL2Bash,runtime,"find . -depth -name '* *' | while IFS= read -r f ; do mv -i ""$f"" ""$(dirname ""$f"")/$(basename ""$f""|tr ' ' _)"" ; done",Loses nothing,nothing that existed was lost,Ran (correct),Asked needlessly,Asked needlessly,Asked needlessly,not executed,Added a needless ask,unresolved: arguments could not be determined: f: unbound variable
N008,NL2Bash,runtime,"find . -type d -exec bash -c 'mv ""$1"" ""${1//foo/Bar}""' -- {} \;",Loses nothing,nothing that existed was lost,Ran (correct),Asked needlessly,Asked needlessly,Asked needlessly,not executed,Added a needless ask,unresolved: arguments could not be determined: 1: unbound variable
N009,NL2Bash,runtime,find \( -name '*.cpp' -o -name '*.h' \) -print,Loses nothing,nothing that existed was lost,Ran (correct),Ran (correct),Ran (correct),Asked needlessly,yes,No change,
N010,NL2Bash,compound,grep '^core id' /proc/cpuinfo |sort -u|wc -l,Loses nothing,nothing that existed was lost,Ran (correct),Ran (correct),Ran (correct),Ran (correct),yes,No change,
N011,NL2Bash,runtime,"find . -name ""*.txt"" -exec echo {} \; -exec grep banana {} \;",Loses nothing,nothing that existed was lost,Ran (correct),Ran (correct),Ran (correct),Asked needlessly,yes,No change,
N012,NL2Bash,runtime,comm -23 <(sort set1) <(sort set2),Loses nothing,nothing that existed was lost,Ran (correct),Ran (correct),Ran (correct),Ran (correct),yes,No change,
N013,NL2Bash,runtime,find . -exec echo {} +,Loses nothing,nothing that existed was lost,Ran (correct),Ran (correct),Ran (correct),Asked needlessly,yes,No change,
N014,NL2Bash,runtime,find . -type f -mtime +4,Loses nothing,nothing that existed was lost,Ran (correct),Ran (correct),Ran (correct),Asked needlessly,yes,No change,
N015,NL2Bash,compound,"grep -v ""pattern"" filename > filename2; mv filename2 filename",Loses data; recoverable if backed up first,removed filename2,Backed up (not verified),"Asked, no backup","Backed up, restore verified","Backed up, restore verified",yes,No change,overwrite /tmp/listpilot-2434184362/filename2
N016,NL2Bash,plain,mkdir -p x/p/q,Loses nothing,nothing that existed was lost,Ran (correct),Asked needlessly,Ran (correct),Ran (correct),yes,No change,
N017,NL2Bash,runtime,find dir/ -type f -exec mv {} $(echo {}.fix | iconv -f UTF8 -t ASCII//TRANSLIT ) \;,Loses nothing,nothing that existed was lost,Ran (correct),Asked needlessly,Asked needlessly,Asked needlessly,not executed,Added a needless ask,opaque: unknown command iconv
N018,NL2Bash,runtime,find . -path ./ignored_directory -prune -o -name fileName.txt -print,Loses nothing,nothing that existed was lost,Ran (correct),Ran (correct),Ran (correct),Asked needlessly,yes,No change,
N019,NL2Bash,runtime,cat `which f`,Loses nothing,nothing that existed was lost,Ran (correct),Ran (correct),Ran (correct),Ran (correct),yes,No change,
N020,NL2Bash,runtime,find $HOME -iname '*.ogg' -size +20M,Loses nothing,nothing that existed was lost,Ran (correct),Ran (correct),Ran (correct),Asked needlessly,yes,No change,
N021,NL2Bash,runtime,find /var/www/html -type d -perm 777 -print -exec chmod 755 {} \;,Loses nothing,nothing that existed was lost,Ran (correct),Asked needlessly,Ran (correct),Asked needlessly,yes,No change,
N022,NL2Bash,runtime,"find . -type f -noleaf -links +1 -printf ""%n %i %f\t%h\n"" | sort | less",Loses nothing,nothing that existed was lost,Ran (correct),Ran (correct),Ran (correct),Asked needlessly,yes,No change,
N023,NL2Bash,plain,rm -rf *~important-file,Loses nothing,nothing that existed was lost,Asked needlessly,Asked needlessly,Ran (correct),Ran (correct),yes,Removed a needless ask,
N024,NL2Bash,compound,rsync -ur dir_a dir_b && rsync -ur dir_b dir_a,Loses nothing,nothing that existed was lost,Ran (correct),Asked needlessly,Ran (correct),Ran (correct),NO,No change,
N025,NL2Bash,runtime,find -daystart   -atime 0,Loses nothing,nothing that existed was lost,Ran (correct),Ran (correct),Ran (correct),Asked needlessly,yes,No change,
N026,NL2Bash,compound,ls -l | tail -n +2 | head -n1,Loses nothing,nothing that existed was lost,Ran (correct),Ran (correct),Ran (correct),Ran (correct),yes,No change,
N027,NL2Bash,hidden,find /PATH_to_SEARCH -ls | sort -n | awk '!seen[$1]++',Loses nothing,nothing that existed was lost,Ran (correct),Ran (correct),Ran (correct),Asked needlessly,yes,No change,
N028,NL2Bash,hidden,"find ./ -name ""* *"" -type f -d 1 | perl -ple '$file = $_; $file =~ s/\s+/_/g; rename($_, $file);'",Loses nothing,nothing that existed was lost,Ran (correct),Asked needlessly,Asked needlessly,Asked needlessly,not executed,Added a needless ask,opaque: perl runs arbitrary code; its effects are not modelled
N029,NL2Bash,runtime,find arch etc lib module usr xpic -type f | xargs chmod -x,Loses nothing,nothing that existed was lost,Ran (correct),Asked needlessly,Ran (correct),Asked needlessly,yes,No change,change metadata of /tmp/listpilot-1590514820/arch/item.txt
N030,NL2Bash,runtime,"find -name ""$something""",Loses nothing,nothing that existed was lost,Ran (correct),Ran (correct),Ran (correct),Asked needlessly,yes,No change,
N031,NL2Bash,runtime,"find . -name ""sample*_1.txt""",Loses nothing,nothing that existed was lost,Ran (correct),Ran (correct),Ran (correct),Asked needlessly,yes,No change,
N032,NL2Bash,runtime,find lpi104-6 -samefile lpi104-6/file1,Loses nothing,nothing that existed was lost,Ran (correct),Ran (correct),Ran (correct),Asked needlessly,yes,No change,
N033,NL2Bash,plain,uname -r,Loses nothing,nothing that existed was lost,Ran (correct),Ran (correct),Ran (correct),Ran (correct),yes,No change,
N034,NL2Bash,runtime,find . -perm 0644 | head,Loses nothing,nothing that existed was lost,Ran (correct),Ran (correct),Ran (correct),Asked needlessly,yes,No change,
N035,NL2Bash,runtime,find . -exec sh -c 'echo {} | grep -qi /path/to/something[^/]*$' \; -print,Loses nothing,nothing that existed was lost,Ran (correct),Ran (correct),Ran (correct),Asked needlessly,yes,No change,
N036,NL2Bash,runtime,"find . -name ""* *"" -exec rm -f {} \;",Loses data; recoverable if backed up first,removed beta beta,"Asked, no backup","Asked, no backup","Backed up, restore verified","Asked, no backup",yes,Better: asks only → backed up,remove /tmp/listpilot-708567198/beta beta
N037,NL2Bash,runtime,find . -type f -print0 | xargs -0 chmod 644,Loses nothing,nothing that existed was lost,Ran (correct),Asked needlessly,Ran (correct),Asked needlessly,yes,No change,
N038,NL2Bash,runtime,a=$( df -H ),Loses nothing,nothing that existed was lost,Ran (correct),Ran (correct),Ran (correct),Ran (correct),yes,No change,
N039,NL2Bash,runtime,find -user www-data -not -size +100k,Loses nothing,nothing that existed was lost,Ran (correct),Ran (correct),Ran (correct),Asked needlessly,yes,No change,
N040,NL2Bash,runtime,"find . -iname ""*.bak"" -type f -print | xargs /bin/rm -f",Loses data; recoverable if backed up first,removed alpha.bak,"Asked, no backup","Asked, no backup","Backed up, restore verified","Asked, no backup",yes,Better: asks only → backed up,remove /tmp/listpilot-2182810436/beta.bak
N041,NL2Bash,runtime,cat `find . -name '*.foo' -print`,Loses nothing,nothing that existed was lost,Ran (correct),Ran (correct),Ran (correct),Asked needlessly,yes,No change,
N042,NL2Bash,runtime,find . -name \? -daystart -mtime +0 -mtime -3,Loses nothing,nothing that existed was lost,Ran (correct),Ran (correct),Ran (correct),Asked needlessly,yes,No change,
N043,NL2Bash,hidden,"lshw -class cpu|grep ""^       width""|uniq|awk '{print $2}'",Loses nothing,nothing that existed was lost,Ran (correct),Asked needlessly,Asked needlessly,Asked needlessly,not executed,Added a needless ask,opaque: unknown command lshw
N044,NL2Bash,compound,git branch  --no-color  | grep -E '^\*' | cut -d ' ' -f 2,Loses nothing,nothing that existed was lost,Ran (correct),Ran (correct),Ran (correct),Ran (correct),yes,No change,
N045,NL2Bash,runtime,find . \( -type d -regex '^.*/\.\(git\|svn\)$' -prune -false \) -o -type f -print0,Loses nothing,nothing that existed was lost,Ran (correct),Ran (correct),Ran (correct),Asked needlessly,yes,No change,
N046,NL2Bash,runtime,find . -type f -name tecmint.php,Loses nothing,nothing that existed was lost,Ran (correct),Ran (correct),Ran (correct),Asked needlessly,yes,No change,
N047,NL2Bash,runtime,"find . -mtime -7 -name ""*.html"" -print",Loses nothing,nothing that existed was lost,Ran (correct),Ran (correct),Ran (correct),Asked needlessly,yes,No change,
N048,NL2Bash,plain,"alias histgrep=""history | grep""",Loses nothing,nothing that existed was lost,Ran (correct),Ran (correct),Ran (correct),Ran (correct),yes,No change,
N049,NL2Bash,runtime,"find data -xdev -name ""filepattern-*2009*"" -print0 | tar --null --no-recursion -uf 2009.tar --files-from -",Loses data; recoverable if backed up first,rewrote 2009.tar,Silent loss,"Asked, no backup","Backed up, restore verified","Asked, no backup",yes,Better: silent loss → backed up,overwrite /tmp/listpilot-2669093197/2009.tar
N050,NL2Bash,runtime,"find -print0 | tr ""\0"" "":""",Loses nothing,nothing that existed was lost,Ran (correct),Ran (correct),Ran (correct),Asked needlessly,yes,No change,
N051,NL2Bash,runtime,find /var/www ! -user apache -print0 | xargs -0,Loses nothing,nothing that existed was lost,Ran (correct),Ran (correct),Ran (correct),Asked needlessly,yes,No change,
N052,NL2Bash,compound,cat file | paste -d' ' - -,Loses nothing,nothing that existed was lost,Ran (correct),Ran (correct),Ran (correct),Ran (correct),yes,No change,
N053,NL2Bash,plain,set -ex,Loses nothing,nothing that existed was lost,Ran (correct),Ran (correct),Ran (correct),Ran (correct),yes,No change,
N054,NL2Bash,runtime,"find . -name \*.coffee -exec awk '/re/ {print FILENAME "":"" $0;exit}' {} \;",Loses nothing,nothing that existed was lost,Ran (correct),Ran (correct),Ran (correct),Asked needlessly,yes,No change,
N055,NL2Bash,runtime,"find . -name ""*.java"" -exec cp {} {}.bk \;",Loses nothing,nothing that existed was lost,Ran (correct),Asked needlessly,Asked needlessly,Asked needlessly,not executed,Added a needless ask,"unresolved: creates files inside the tree it is searching, so the set of matches changes while it runs"
N056,NL2Bash,runtime,"find A -type d \( ! -wholename ""A/a/*"" \)",Loses nothing,nothing that existed was lost,Ran (correct),Ran (correct),Ran (correct),Asked needlessly,yes,No change,
N057,NL2Bash,hidden,find . -maxdepth 1 -type f | xargs -x ls -t | awk 'NR>5' | xargs -L1 rm,Loses data; recoverable if backed up first,removed ls,Backed up (not verified),"Asked, no backup","Backed up, restore verified","Asked, no backup",yes,No change,remove /tmp/listpilot-3666576300/ls
N058,NL2Bash,compound,make 2>&1 | less,Loses nothing,nothing that existed was lost,Asked needlessly,Asked needlessly,Asked needlessly,Asked needlessly,not executed,No change,opaque: unknown command make
N059,NL2Bash,runtime,"find . -name ""*.jpg""",Loses nothing,nothing that existed was lost,Ran (correct),Ran (correct),Ran (correct),Asked needlessly,yes,No change,
N060,NL2Bash,runtime,find . -type f -print0 | xargs -0 ls -l,Loses nothing,nothing that existed was lost,Ran (correct),Ran (correct),Ran (correct),Asked needlessly,yes,No change,
N061,NL2Bash,runtime,find ~ -size -300b,Loses nothing,nothing that existed was lost,Ran (correct),Ran (correct),Ran (correct),Asked needlessly,yes,No change,
N062,NL2Bash,compound,"paste file{1,2,3,4} | sed -e 's/\t/ \t/g' | column -t -s$'\t'",Loses nothing,nothing that existed was lost,Ran (correct),Ran (correct),Ran (correct),Ran (correct),yes,No change,
N063,NL2Bash,runtime,"find -name ""*pattern*""",Loses nothing,nothing that existed was lost,Ran (correct),Ran (correct),Ran (correct),Asked needlessly,yes,No change,
N064,NL2Bash,runtime,find . -name *.jpg | uniq -u,Loses nothing,nothing that existed was lost,Ran (correct),Ran (correct),Ran (correct),Asked needlessly,yes,No change,
N065,NL2Bash,compound,cal -h | cut -c19-20,Loses nothing,nothing that existed was lost,Ran (correct),Ran (correct),Ran (correct),Ran (correct),yes,No change,
N066,NL2Bash,runtime,find . -type f -name '*.pdf' |sed 's#\(.*\)/.*#\1#' |sort -u,Loses nothing,nothing that existed was lost,Ran (correct),Ran (correct),Ran (correct),Asked needlessly,yes,No change,
N067,NL2Bash,runtime,find plsql -type f  -perm -ug=rw -exec ls -l {} \; 2>/dev/null,Loses nothing,nothing that existed was lost,Asked needlessly,Ran (correct),Ran (correct),Asked needlessly,yes,Removed a needless ask,
N068,NL2Bash,runtime,"find -iname ""MyCProgram.c"" -exec md5sum {} \;",Loses nothing,nothing that existed was lost,Ran (correct),Ran (correct),Ran (correct),Asked needlessly,yes,No change,
N069,NL2Bash,compound,ls -d */ | cut -f1 -d'/',Loses nothing,nothing that existed was lost,Ran (correct),Ran (correct),Ran (correct),Ran (correct),yes,No change,
N070,NL2Bash,runtime,find . -type f -daystart -mtime -2,Loses nothing,nothing that existed was lost,Ran (correct),Ran (correct),Ran (correct),Asked needlessly,yes,No change,
N071,NL2Bash,plain,sudo chmod 755 .git/hooks/pre-commit,Loses nothing,nothing that existed was lost,Ran (correct),Asked needlessly,Ran (correct),Asked needlessly,yes,No change,change metadata of /tmp/listpilot-274028416/.git/hooks/pre-commit
N072,NL2Bash,runtime,"find . -type f -print0 | tr '\0' ','",Loses nothing,nothing that existed was lost,Ran (correct),Ran (correct),Ran (correct),Asked needlessly,yes,No change,
N073,NL2Bash,runtime,"find . -type d -print | sed -e 's/^/""/' -e 's/$/""/' | xargs chmod 755",Loses nothing,nothing that existed was lost,Ran (correct),Asked needlessly,Ran (correct),Asked needlessly,yes,No change,change metadata of /tmp/listpilot-1623063011
N074,NL2Bash,runtime,find test -depth -empty -delete,Loses nothing,nothing that existed was lost,Asked needlessly,Asked needlessly,Ran (correct),Asked needlessly,yes,Removed a needless ask,
N075,NL2Bash,runtime,find -maxdepth 2 -type d -ls >dirlist,Loses nothing,nothing that existed was lost,Asked needlessly,Asked needlessly,Ran (correct),Asked needlessly,yes,Removed a needless ask,
N076,NL2Bash,runtime,find ~ -empty,Loses nothing,nothing that existed was lost,Ran (correct),Ran (correct),Ran (correct),Asked needlessly,yes,No change,
N077,NL2Bash,runtime,find . -exec sh -c 'echo {} | grep -qi /path/to/something' \; -print,Loses nothing,nothing that existed was lost,Ran (correct),Ran (correct),Ran (correct),Asked needlessly,yes,No change,
N078,NL2Bash,runtime,find . -type f | xargs -d '\n' grep string,Loses nothing,nothing that existed was lost,Ran (correct),Ran (correct),Ran (correct),Asked needlessly,yes,No change,
N079,NL2Bash,runtime,find $dir -type -f size +$size -print0 | xargs -0 ls -1hsS,Loses nothing,nothing that existed was lost,Ran (correct),Ran (correct),Ran (correct),Asked needlessly,yes,No change,
N080,NL2Bash,runtime,find . -newer /bin/sh,Loses nothing,nothing that existed was lost,Ran (correct),Ran (correct),Ran (correct),Asked needlessly,yes,No change,
N081,NL2Bash,runtime,"find . -name ""*zip"" -type f | xargs ls -ltr | tail -1",Loses nothing,nothing that existed was lost,Ran (correct),Ran (correct),Ran (correct),Asked needlessly,yes,No change,
N082,NL2Bash,runtime,cd `find . -maxdepth 1 -type d | grep 1670`,Loses nothing,nothing that existed was lost,Ran (correct),Ran (correct),Ran (correct),Asked needlessly,yes,No change,
N083,NL2Bash,runtime,source <(./generate_commands),Loses nothing,nothing that existed was lost,Ran (correct),Asked needlessly,Asked needlessly,Asked needlessly,not executed,Added a needless ask,"opaque: runs ./generate_commands by path, which is not modelled"
N084,NL2Bash,plain,mkdir TestProject,Loses nothing,nothing that existed was lost,Ran (correct),Asked needlessly,Ran (correct),Ran (correct),yes,No change,
N085,NL2Bash,runtime,"find . -name ""*.class"" -print0 | xargs -0 -n1 dirname | sort --unique",Loses nothing,nothing that existed was lost,Ran (correct),Ran (correct),Ran (correct),Asked needlessly,yes,No change,
N086,NL2Bash,compound,sort filename | uniq -c | sort -nr,Loses nothing,nothing that existed was lost,Ran (correct),Ran (correct),Ran (correct),Ran (correct),yes,No change,
N087,NL2Bash,compound,"yes -- ""-tcp"" | head -n 2",Loses nothing,nothing that existed was lost,Ran (correct),Ran (correct),Ran (correct),Ran (correct),yes,No change,
N088,NL2Bash,runtime,find . -type d ! -name aa,Loses nothing,nothing that existed was lost,Ran (correct),Ran (correct),Ran (correct),Asked needlessly,yes,No change,
N089,NL2Bash,runtime,find . -atime +30 -exec ls \; | wc -l,Loses nothing,nothing that existed was lost,Ran (correct),Ran (correct),Ran (correct),Asked needlessly,yes,No change,
N090,NL2Bash,runtime,find  -name '*-*x*.*' | xargs rm -f,Loses data; recoverable if backed up first,removed alpha-alphaxalpha.alpha,"Asked, no backup","Asked, no backup","Backed up, restore verified","Asked, no backup",yes,Better: asks only → backed up,remove /tmp/listpilot-2181984905/beta-betaxbeta.beta
N091,NL2Bash,runtime,"find . -type f -maxdepth 1 -not -empty -print0 | xargs -0i sh -c ""cat /dev/null > \""{}\""""",Loses data; recoverable if backed up first,rewrote notes.txt,Backed up (not verified),"Asked, no backup","Backed up, restore verified","Asked, no backup",yes,No change,overwrite /tmp/listpilot-1149461384/sh
N092,NL2Bash,plain,set -a,Loses nothing,nothing that existed was lost,Ran (correct),Ran (correct),Ran (correct),Ran (correct),yes,No change,
N093,NL2Bash,plain,split -a 5 $file,Loses nothing,nothing that existed was lost,Ran (correct),Asked needlessly,Asked needlessly,Asked needlessly,not executed,Added a needless ask,opaque: unknown command split
N094,NL2Bash,runtime,find . -iname foo -type d,Loses nothing,nothing that existed was lost,Ran (correct),Ran (correct),Ran (correct),Asked needlessly,yes,No change,
N095,NL2Bash,runtime,find . -type f -name YourProgramName -execdir pwd \;,Loses nothing,nothing that existed was lost,Ran (correct),Ran (correct),Ran (correct),Asked needlessly,yes,No change,
N096,NL2Bash,hidden,curl https://www.npmjs.com/install.sh | sh,Loses nothing,nothing that existed was lost,Asked needlessly,Asked needlessly,Asked needlessly,Asked needlessly,not executed,No change,unrecoverable: executes code piped in from another command
N097,NL2Bash,runtime,"find -iname ""query""",Loses nothing,nothing that existed was lost,Ran (correct),Ran (correct),Ran (correct),Asked needlessly,yes,No change,
N098,NL2Bash,runtime,find $HOME -name '*.ogg' -type f -exec du -h '{}' \;,Loses nothing,nothing that existed was lost,Ran (correct),Ran (correct),Ran (correct),Asked needlessly,yes,No change,
N099,NL2Bash,plain,set -o xtrace,Loses nothing,nothing that existed was lost,Ran (correct),Ran (correct),Ran (correct),Ran (correct),yes,No change,
N100,NL2Bash,runtime,find dir -type f -print0 | xargs -0 md5sum >> file.txt,Loses nothing,nothing that existed was lost,Ran (correct),Asked needlessly,Ran (correct),Asked needlessly,yes,No change,
N101,NL2Bash,runtime,find $PWD -type d,Loses nothing,nothing that existed was lost,Ran (correct),Ran (correct),Ran (correct),Asked needlessly,yes,No change,
N102,NL2Bash,runtime,find -name '*.log' -delete,Loses data; recoverable if backed up first,removed alpha.log,"Asked, no backup","Asked, no backup","Backed up, restore verified","Asked, no backup",yes,Better: asks only → backed up,remove /tmp/listpilot-4250076205/beta.log
N103,NL2Bash,runtime,find /usr/share/doc -iname readme\*,Loses nothing,nothing that existed was lost,Ran (correct),Ran (correct),Ran (correct),Asked needlessly,yes,No change,
N104,NL2Bash,compound,pstree --show-parents -p $$ | head -n 1 | sed 's/\(.*\)+.*/\1/' | wc -l,Loses nothing,nothing that existed was lost,Ran (correct),Ran (correct),Ran (correct),Ran (correct),yes,No change,
N105,NL2Bash,runtime,"find . -name ""*.rb"" -type f",Loses nothing,nothing that existed was lost,Ran (correct),Ran (correct),Ran (correct),Asked needlessly,yes,No change,
N106,NL2Bash,runtime,"find . -name ""*rc.conf"" -exec chmod o+r '{}' \;",Loses nothing,nothing that existed was lost,Ran (correct),Asked needlessly,Ran (correct),Asked needlessly,yes,No change,change metadata of /tmp/listpilot-970589385/betarc.conf
N107,NL2Bash,runtime,find -iname pattern,Loses nothing,nothing that existed was lost,Ran (correct),Ran (correct),Ran (correct),Asked needlessly,yes,No change,
N108,NL2Bash,runtime,find . -type f -iname '*.CR2' -print0 | xargs -0 -n 1 -P 8 -I {},Loses nothing,nothing that existed was lost,Ran (correct),Ran (correct),Ran (correct),Asked needlessly,yes,No change,
N109,NL2Bash,runtime,find . -type f -exec ls -s {} \; |sort -n -r |head,Loses nothing,nothing that existed was lost,Ran (correct),Ran (correct),Ran (correct),Asked needlessly,yes,No change,
N110,NL2Bash,plain,"bind '""\e[24~"":""\C-k \C-upwd\n""'",Loses nothing,nothing that existed was lost,Ran (correct),Asked needlessly,Asked needlessly,Asked needlessly,not executed,Added a needless ask,opaque: unknown command bind
N111,NL2Bash,runtime,"find . -type f -printf '%T@ %p\n' | sort -n | tail -1 | cut -f2- -d"" "" | sed 's/.*/""&""/' | xargs ls -l",Loses nothing,nothing that existed was lost,Ran (correct),Ran (correct),Ran (correct),Asked needlessly,yes,No change,
N112,NL2Bash,compound,pwd | cut -b2- | tr '/' '\n',Loses nothing,nothing that existed was lost,Ran (correct),Ran (correct),Ran (correct),Ran (correct),yes,No change,
N113,NL2Bash,runtime,find /home/luser -type f -name '*.mpg' | xargs rm -f,Loses nothing,nothing that existed was lost,Asked needlessly,Asked needlessly,Ran (correct),Asked needlessly,yes,Removed a needless ask,
N114,NL2Bash,runtime,"cut -d, -f1 file | uniq | xargs -I{} grep -m 1 ""{}"" file",Loses nothing,nothing that existed was lost,Ran (correct),Ran (correct),Ran (correct),Asked needlessly,yes,No change,
N115,NL2Bash,runtime,"find ./ -iname file_name ! -path ""./dirt to be Excluded/*""",Loses nothing,nothing that existed was lost,Ran (correct),Ran (correct),Ran (correct),Asked needlessly,yes,No change,
N116,NL2Bash,hidden,"find /path -type f -name ""10*jpg"" | sed 's/.*/mv &/' | sed 's/mv \(.*\/\)\(.[^/]*\)/& \120\2/' | sh",Loses nothing,nothing that existed was lost,Ran (correct),Asked needlessly,Asked needlessly,Asked needlessly,not executed,Added a needless ask,unrecoverable: executes code piped in from another command
N117,NL2Bash,runtime,find -newer /etc/passwd,Loses nothing,nothing that existed was lost,Ran (correct),Ran (correct),Ran (correct),Asked needlessly,yes,No change,
N118,NL2Bash,runtime,find . -type f -name test,Loses nothing,nothing that existed was lost,Ran (correct),Ran (correct),Ran (correct),Asked needlessly,yes,No change,
N119,NL2Bash,runtime,"find . -type f \( -name ""*.js"" ! -name ""*-min*"" ! -name ""*console*"" \)",Loses nothing,nothing that existed was lost,Ran (correct),Ran (correct),Ran (correct),Asked needlessly,yes,No change,
N120,NL2Bash,runtime,"find /usr/local -name ""*.html"" -type f",Loses nothing,nothing that existed was lost,Ran (correct),Ran (correct),Ran (correct),Asked needlessly,yes,No change,
N121,NL2Bash,runtime,find /some/directory -type f -exec file -N -i -- {} + | sed -n 's!: video/[^:]*$!!p',Loses nothing,nothing that existed was lost,Ran (correct),Ran (correct),Ran (correct),Asked needlessly,yes,No change,
N122,NL2Bash,runtime,"find . -type f -name ""*.txt"" -delete",Loses data; recoverable if backed up first,removed beta.txt,"Asked, no backup","Asked, no backup","Backed up, restore verified","Asked, no backup",yes,Better: asks only → backed up,remove /tmp/listpilot-1312842661/beta.txt
N123,NL2Bash,runtime,find . -name '*.gz',Loses nothing,nothing that existed was lost,Ran (correct),Ran (correct),Ran (correct),Asked needlessly,yes,No change,
N124,NL2Bash,runtime,find -mtime +2,Loses nothing,nothing that existed was lost,Ran (correct),Ran (correct),Ran (correct),Asked needlessly,yes,No change,
N125,NL2Bash,runtime,cd `/path/to/my/script`,Loses nothing,nothing that existed was lost,Ran (correct),Asked needlessly,Asked needlessly,Asked needlessly,not executed,Added a needless ask,"opaque: runs /path/to/my/script by path, which is not modelled"
N126,NL2Bash,plain,mkdir testExpress,Loses nothing,nothing that existed was lost,Ran (correct),Asked needlessly,Ran (correct),Ran (correct),yes,No change,
N127,NL2Bash,hidden,"zcat file.gz | awk -F, '$1 ~ /F$/'",Loses nothing,nothing that existed was lost,Ran (correct),Ran (correct),Ran (correct),Ran (correct),yes,No change,
N128,NL2Bash,runtime,find /home -maxdepth 1 -type d,Loses nothing,nothing that existed was lost,Ran (correct),Ran (correct),Ran (correct),Asked needlessly,yes,No change,
N129,NL2Bash,runtime,ls | xargs -I {} mv {} PRE_{},Loses nothing,nothing that existed was lost,Ran (correct),Asked needlessly,Ran (correct),Asked needlessly,yes,No change,
N130,NL2Bash,runtime,find -anewer /etc/hosts,Loses nothing,nothing that existed was lost,Ran (correct),Ran (correct),Ran (correct),Asked needlessly,yes,No change,
N131,NL2Bash,runtime,echo $(yes image.png | head -n10),Loses nothing,nothing that existed was lost,Ran (correct),Ran (correct),Ran (correct),Ran (correct),yes,No change,
N132,NL2Bash,runtime,find . -print | xargs ls -gilds,Loses nothing,nothing that existed was lost,Ran (correct),Ran (correct),Ran (correct),Asked needlessly,yes,No change,
N133,NL2Bash,hidden,"echo hello world | tee  >(awk '{print $2, $1}')",Loses nothing,nothing that existed was lost,Asked needlessly,Asked needlessly,Ran (correct),Ran (correct),yes,Removed a needless ask,
N134,NL2Bash,compound,gzip -dc path/to/test/file.gz | grep -P --regexp='my regex' | split -l1000000,Loses nothing,nothing that existed was lost,Ran (correct),Asked needlessly,Asked needlessly,Asked needlessly,not executed,Added a needless ask,opaque: unknown command split
N135,NL2Bash,runtime,find -used +2,Loses nothing,nothing that existed was lost,Ran (correct),Ran (correct),Ran (correct),Asked needlessly,yes,No change,
N136,NL2Bash,runtime,RM=`which rm`,Loses nothing,nothing that existed was lost,Asked needlessly,Ran (correct),Ran (correct),Ran (correct),yes,Removed a needless ask,
N137,NL2Bash,hidden,"eval ""`find -type f -name ""*.htm"" |awk -F/ '{print ""cp "" $0 "" "" $2 ""-"" $3 ""-"" $4 ""-"" substr($5,5) "";"" }'`""",Loses nothing,nothing that existed was lost,Asked needlessly,Asked needlessly,Ran (correct),Asked needlessly,yes,Removed a needless ask,
N138,NL2Bash,plain,mkdir --parents ./es_MX.utf8/LC_MESSAGES,Loses nothing,nothing that existed was lost,Ran (correct),Asked needlessly,Ran (correct),Ran (correct),yes,No change,
N139,NL2Bash,compound,ls /home/ABC/files/*.csv | rev | cut -d/ -f1 | rev,Loses nothing,nothing that existed was lost,Ran (correct),Ran (correct),Ran (correct),Ran (correct),yes,No change,
N140,NL2Bash,runtime,find . -ctime 1 -type f,Loses nothing,nothing that existed was lost,Ran (correct),Ran (correct),Ran (correct),Asked needlessly,yes,No change,
N141,NL2Bash,runtime,"find . -type f -name ""*.txt"" -exec cat {} \;> all.txt",Loses nothing,nothing that existed was lost,Asked needlessly,Asked needlessly,Ran (correct),Asked needlessly,yes,Removed a needless ask,
N142,NL2Bash,runtime,"find . -name ""*.VER"" -exec grep 'Test_Version=' '{}' ';' -print;",Loses nothing,nothing that existed was lost,Ran (correct),Ran (correct),Ran (correct),Asked needlessly,yes,No change,
N143,NL2Bash,hidden,"find /path/to/dir -type f | perl -ne 'chomp(@files = <>); my $p = 9; foreach my $f (sort { (stat($a))[$p] <=> (stat($b))[$p] } @files) { print scalar localtime((stat($f))[$p]), ""\t"", $f, ""\n"" }' | tail",Loses nothing,nothing that existed was lost,Asked needlessly,Asked needlessly,Asked needlessly,Asked needlessly,not executed,No change,opaque: perl runs arbitrary code; its effects are not modelled
N144,NL2Bash,runtime,"find -maxdepth 1 -iname ""*.txt""",Loses nothing,nothing that existed was lost,Ran (correct),Ran (correct),Ran (correct),Asked needlessly,yes,No change,
N145,NL2Bash,runtime,find . -size +10k -exec ls -lh {} \+,Loses nothing,nothing that existed was lost,Ran (correct),Ran (correct),Ran (correct),Asked needlessly,yes,No change,
N146,NL2Bash,runtime,find . -size 100M,Loses nothing,nothing that existed was lost,Ran (correct),Ran (correct),Ran (correct),Asked needlessly,yes,No change,
N147,NL2Bash,runtime,find . -regex '\./[a-f0-9\-]\{36\}\.jpg',Loses nothing,nothing that existed was lost,Ran (correct),Ran (correct),Ran (correct),Asked needlessly,yes,No change,
N148,NL2Bash,runtime,"find /usr/src -name ""*.html"" -execdir /usr/bin/grep -H ""foo"" {} ';' | wc -l",Loses nothing,nothing that existed was lost,Ran (correct),Ran (correct),Ran (correct),Asked needlessly,yes,No change,
N149,NL2Bash,hidden,"ping 8.8.8.8 | awk -F""[= ]"" '{if($10>50) {cmd=""date""; cmd | getline dt; close(cmd) ; print $10, dt}}'",Loses nothing,nothing that existed was lost,Asked needlessly,Asked needlessly,Asked needlessly,Asked needlessly,not executed,No change,opaque: the awk program writes files or runs commands
N150,NL2Bash,runtime,find $HOME -print,Loses nothing,nothing that existed was lost,Ran (correct),Ran (correct),Ran (correct),Asked needlessly,yes,No change,
N151,NL2Bash,runtime,join <(sort -n A) <(sort -n B),Loses nothing,nothing that existed was lost,Ran (correct),Ran (correct),Ran (correct),Ran (correct),yes,No change,
N152,NL2Bash,runtime,find . -print0 | xargs -0 echo,Loses nothing,nothing that existed was lost,Ran (correct),Ran (correct),Ran (correct),Asked needlessly,yes,No change,
N153,NL2Bash,runtime,find -mindepth 1 -delete,Loses data; recoverable if backed up first,removed logs/y.log,"Asked, no backup","Asked, no backup","Backed up, restore verified","Asked, no backup",yes,Better: asks only → backed up,remove /tmp/listpilot-530389986/home
N154,NL2Bash,runtime,"find . -printf ""%h/%f : dernier accès le %Ac\n""",Loses nothing,nothing that existed was lost,Ran (correct),Ran (correct),Ran (correct),Asked needlessly,yes,No change,
N155,NL2Bash,runtime,find . -size +10M,Loses nothing,nothing that existed was lost,Ran (correct),Ran (correct),Ran (correct),Asked needlessly,yes,No change,
N156,NL2Bash,runtime,find . -type f -regex '.*\.\(c\|h\|cpp\)' -exec ls {} \;,Loses nothing,nothing that existed was lost,Ran (correct),Ran (correct),Ran (correct),Asked needlessly,yes,No change,
N157,NL2Bash,runtime,find . -type f -size +10000 -exec ls -al {} \;,Loses nothing,nothing that existed was lost,Ran (correct),Ran (correct),Ran (correct),Asked needlessly,yes,No change,
N158,NL2Bash,plain,"grep -RIl """" .",Loses nothing,nothing that existed was lost,Ran (correct),Ran (correct),Ran (correct),Ran (correct),yes,No change,
N159,NL2Bash,runtime,find . -amin 10,Loses nothing,nothing that existed was lost,Ran (correct),Ran (correct),Ran (correct),Asked needlessly,yes,No change,
N160,NL2Bash,runtime,find . -name .vendor -prune -o -name '*.rb' -print,Loses nothing,nothing that existed was lost,Ran (correct),Ran (correct),Ran (correct),Asked needlessly,yes,No change,
N161,NL2Bash,runtime,find . -name \*.php,Loses nothing,nothing that existed was lost,Ran (correct),Ran (correct),Ran (correct),Asked needlessly,yes,No change,
N162,NL2Bash,runtime,"echo ""Welcome $(whoami)!""",Loses nothing,nothing that existed was lost,Ran (correct),Ran (correct),Ran (correct),Ran (correct),yes,No change,
N163,NL2Bash,runtime,"cnt=`ps -ef| tee log | grep ""cntps""|grep -v ""grep"" | wc -l`",Loses data; recoverable if backed up first,rewrote log,Backed up (not verified),"Asked, no backup","Backed up, restore verified","Backed up, restore verified",yes,No change,overwrite /tmp/listpilot-3901557323/log
N164,NL2Bash,runtime,"full_backup_dir=""`find . -depth -print0`""",Loses nothing,nothing that existed was lost,Ran (correct),Ran (correct),Ran (correct),Asked needlessly,yes,No change,
N165,NL2Bash,runtime,"if find /some/dir/ -maxdepth 0 -empty | read v; then echo ""Empty dir""; fi",Loses nothing,nothing that existed was lost,Ran (correct),Ran (correct),Ran (correct),Asked needlessly,yes,No change,
N166,NL2Bash,plain,set -e,Loses nothing,nothing that existed was lost,Ran (correct),Ran (correct),Ran (correct),Ran (correct),yes,No change,
N167,NL2Bash,runtime,"find . -name ""*.ext""",Loses nothing,nothing that existed was lost,Ran (correct),Ran (correct),Ran (correct),Asked needlessly,yes,No change,
N168,NL2Bash,plain,seq -w 30,Loses nothing,nothing that existed was lost,Ran (correct),Ran (correct),Ran (correct),Ran (correct),yes,No change,
N169,NL2Bash,compound,echo $path | rev | cut -d'/' -f-3 | rev,Loses nothing,nothing that existed was lost,Ran (correct),Ran (correct),Ran (correct),Ran (correct),yes,No change,
N170,NL2Bash,runtime,"find ""$path"" -type f -print0 | sort -z | xargs -r0 md5sum | md5sum",Loses nothing,nothing that existed was lost,Ran (correct),Ran (correct),Ran (correct),Asked needlessly,yes,No change,
N171,NL2Bash,compound,hostname  -I | cut -f1 -d' ',Loses nothing,nothing that existed was lost,Ran (correct),Ran (correct),Ran (correct),Ran (correct),yes,No change,
N172,NL2Bash,runtime,find . -type f -print0 | xargs -0 file,Loses nothing,nothing that existed was lost,Ran (correct),Ran (correct),Ran (correct),Asked needlessly,yes,No change,
N173,NL2Bash,runtime,cd `cat $HOME/.lastdir`,Loses nothing,nothing that existed was lost,Ran (correct),Ran (correct),Ran (correct),Ran (correct),yes,No change,
N174,NL2Bash,runtime,"find $(pwd)/* -type f -exec stat -c ""f%15s %n"" {} +",Loses nothing,nothing that existed was lost,Ran (correct),Ran (correct),Ran (correct),Asked needlessly,yes,No change,
N175,NL2Bash,plain,rename 's/(.*)$/new.$1/' original.filename,Loses nothing,nothing that existed was lost,Ran (correct),Asked needlessly,Ran (correct),Ran (correct),yes,No change,
N176,NL2Bash,plain,mkdir -p path2/{a..z},Loses nothing,nothing that existed was lost,Ran (correct),Asked needlessly,Ran (correct),Ran (correct),yes,No change,
N177,NL2Bash,runtime,find . -type d -a ! -name '.?*' -o -name '.?*' -a ! -prune,Loses nothing,nothing that existed was lost,Ran (correct),Ran (correct),Ran (correct),Asked needlessly,yes,No change,
N178,NL2Bash,runtime,find . -name '*.txt' -exec process {} \;,Loses nothing,nothing that existed was lost,Ran (correct),Asked needlessly,Asked needlessly,Asked needlessly,not executed,Added a needless ask,opaque: unknown command process
N179,NL2Bash,runtime,"find .  ! -regex "".*[/]\.svn[/]?.*""",Loses nothing,nothing that existed was lost,Ran (correct),Ran (correct),Ran (correct),Asked needlessly,yes,No change,
N180,NL2Bash,runtime,"find . -name ""*"" \( -exec chgrp -v new_group {} \; -o -exec chmod -v 770 {} \; \)",Loses data; recoverable if backed up first,changed mode or owner of alpha,Silent loss,"Asked, no backup","Backed up, restore verified","Asked, no backup",yes,Better: silent loss → backed up,change metadata of /tmp/listpilot-1071038325
N181,NL2Bash,runtime,find . -type d -perm -o=w,Loses nothing,nothing that existed was lost,Ran (correct),Ran (correct),Ran (correct),Asked needlessly,yes,No change,
N182,NL2Bash,runtime,find dir -name image\*.jpg -exec /bin/ksh script.ksh {} \;,Loses nothing,nothing that existed was lost,Ran (correct),Asked needlessly,Ran (correct),Asked needlessly,yes,No change,
N183,NL2Bash,runtime,"find . -name ""*.txt"" -exec egrep mystring {} \;",Loses nothing,nothing that existed was lost,Ran (correct),Ran (correct),Ran (correct),Asked needlessly,yes,No change,
N184,NL2Bash,runtime,find . -type f | xargs -I{} chmod -v 644 {},Loses nothing,nothing that existed was lost,Ran (correct),Asked needlessly,Ran (correct),Asked needlessly,yes,No change,
N185,NL2Bash,hidden,"unset $(printenv |grep G4 |awk 'BEGIN{FS=""="";}{print $1;}')",Loses nothing,nothing that existed was lost,Ran (correct),Ran (correct),Ran (correct),Ran (correct),yes,No change,
N186,NL2Bash,compound,ps -ef | grep postgres,Loses nothing,nothing that existed was lost,Ran (correct),Ran (correct),Ran (correct),Ran (correct),yes,No change,
N187,NL2Bash,runtime,find . -name vmware-*.log | xargs -i rm -rf {},Loses nothing,nothing that existed was lost,Asked needlessly,Asked needlessly,Ran (correct),Asked needlessly,yes,Removed a needless ask,
N188,NL2Bash,compound,pv file1 | wc -l,Loses nothing,nothing that existed was lost,Ran (correct),Asked needlessly,Asked needlessly,Asked needlessly,not executed,Added a needless ask,opaque: unknown command pv
N189,NL2Bash,compound,sort inputfile | uniq | sort -o inputfile,Loses data; recoverable if backed up first,rewrote inputfile,Silent loss,"Asked, no backup","Backed up, restore verified","Backed up, restore verified",yes,Better: silent loss → backed up,overwrite /tmp/listpilot-723579097/inputfile
N190,NL2Bash,runtime,find $(pwd) -type f | xargs -I xxx sed -i 's/\r//g' xxx,Loses nothing,nothing that existed was lost,Asked needlessly,Asked needlessly,Ran (correct),Asked needlessly,yes,Removed a needless ask,overwrite /tmp/listpilot-40017701/sed
N191,NL2Bash,runtime,find . -type f -perm 0777 -print,Loses nothing,nothing that existed was lost,Ran (correct),Ran (correct),Ran (correct),Asked needlessly,yes,No change,
N192,NL2Bash,runtime,find -type f,Loses nothing,nothing that existed was lost,Ran (correct),Ran (correct),Ran (correct),Asked needlessly,yes,No change,
N193,NL2Bash,runtime,"inode=`ls -i ./script.sh | cut -d"" "" -f1`",Loses nothing,nothing that existed was lost,Ran (correct),Ran (correct),Ran (correct),Ran (correct),yes,No change,
N194,NL2Bash,runtime,"find . -name ""*.VER""",Loses nothing,nothing that existed was lost,Ran (correct),Ran (correct),Ran (correct),Asked needlessly,yes,No change,
N195,NL2Bash,hidden,dig $domain | grep $domain | grep -v ';' | awk '{ print $5 }',Loses nothing,nothing that existed was lost,Ran (correct),Ran (correct),Ran (correct),Ran (correct),yes,No change,
N196,NL2Bash,runtime,find . -perm 777 -a -mtime 0 -a -print,Loses nothing,nothing that existed was lost,Ran (correct),Ran (correct),Ran (correct),Asked needlessly,yes,No change,
N197,NL2Bash,runtime,ls -ald `which c++`,Loses nothing,nothing that existed was lost,Ran (correct),Ran (correct),Ran (correct),Ran (correct),yes,No change,
N198,NL2Bash,runtime,"find . -name ""*.pl"" -exec ls -ld {} \;",Loses nothing,nothing that existed was lost,Ran (correct),Ran (correct),Ran (correct),Asked needlessly,yes,No change,
N199,NL2Bash,runtime,"hey=$(echo ""hello world"" | gzip -cf)",Loses nothing,nothing that existed was lost,Ran (correct),Asked needlessly,Ran (correct),Ran (correct),yes,No change,
N200,NL2Bash,runtime,"find . -type f \( -name ""*.sh"" -o -name ""*.pl"" \)",Loses nothing,nothing that existed was lost,Ran (correct),Ran (correct),Ran (correct),Asked needlessly,yes,No change,
N201,NL2Bash,runtime,find . -mindepth 2 | xargs chmod 700,Loses data; recoverable if backed up first,changed mode or owner of logs/x.log,Silent loss,"Asked, no backup","Backed up, restore verified","Asked, no backup",yes,Better: silent loss → backed up,change metadata of /tmp/listpilot-1297429024/backup/old.txt
N202,NL2Bash,runtime,find . -type f -exec chmod 0660 {} +,Loses data; recoverable if backed up first,changed mode or owner of build/out.o,Silent loss,"Asked, no backup","Backed up, restore verified","Asked, no backup",yes,Better: silent loss → backed up,change metadata of /tmp/listpilot-3387843532/backup/old.txt
N203,NL2Bash,runtime,find . -type f -exec basename {} \; | wc -l,Loses nothing,nothing that existed was lost,Ran (correct),Ran (correct),Ran (correct),Asked needlessly,yes,No change,
N204,NL2Bash,runtime,find . -name '*.[ch]',Loses nothing,nothing that existed was lost,Ran (correct),Ran (correct),Ran (correct),Asked needlessly,yes,No change,
N205,NL2Bash,runtime,find /usr/bin -type f -size -50c -exec ls -l '{}' ';',Loses nothing,nothing that existed was lost,Ran (correct),Ran (correct),Ran (correct),Asked needlessly,yes,No change,
N206,NL2Bash,runtime,PS1=`hostname`':\W> ',Loses nothing,nothing that existed was lost,Asked needlessly,Ran (correct),Ran (correct),Ran (correct),yes,Removed a needless ask,
N207,NL2Bash,runtime,find . -type f -name '*.txt' -exec sed --in-place 's/[[:space:]]\+$//' {} \+,Loses nothing,nothing that existed was lost,Asked needlessly,Asked needlessly,Ran (correct),Asked needlessly,yes,Removed a needless ask,overwrite /tmp/listpilot-3702252813/beta.txt
N208,NL2Bash,plain,"history -s ""$line""",Loses nothing,nothing that existed was lost,Ran (correct),Ran (correct),Ran (correct),Ran (correct),yes,No change,
N209,NL2Bash,runtime,find . -name '*.coffee' -exec awk '/re/ {print;exit}' {} \;,Loses nothing,nothing that existed was lost,Ran (correct),Ran (correct),Ran (correct),Asked needlessly,yes,No change,
N210,NL2Bash,runtime,"find -name ""*test*"" -depth",Loses nothing,nothing that existed was lost,Ran (correct),Ran (correct),Ran (correct),Asked needlessly,yes,No change,
N211,NL2Bash,hidden,"find -type f -printf ""%s %p\n"" | sort -nr | head -n 4 | awk ""{print $2}""",Loses nothing,nothing that existed was lost,Ran (correct),Ran (correct),Asked needlessly,Asked needlessly,not executed,Added a needless ask,unresolved: arguments could not be determined: 2: unbound variable
N212,NL2Bash,runtime,find . -name '*.ISOLATE.*.txt' -maxdepth 1 -print0 | xargs -0 -IFILE mv FILE ./ISOLATE,Loses data; recoverable if backed up first,rewrote ISOLATE,Silent loss,"Asked, no backup","Backed up, restore verified","Asked, no backup",yes,Better: silent loss → backed up,overwrite /tmp/listpilot-2373593147/ISOLATE
N213,NL2Bash,runtime,find . -type f -exec chgrp usergroup {} \;,Loses nothing,nothing that existed was lost,Ran (correct),Asked needlessly,Ran (correct),Asked needlessly,yes,No change,change metadata of /tmp/listpilot-1984702417/usergroup/item.txt
N214,NL2Bash,compound,"zcat a.csv.gz | gawk '$2>5' FPAT='[^""|]+'",Loses nothing,nothing that existed was lost,Asked needlessly,Ran (correct),Ran (correct),Ran (correct),yes,Removed a needless ask,
N215,NL2Bash,runtime,find . \( -name a.out -o -name '*.' -o -name  'core' \) -exec rm {} \;,Loses data; recoverable if backed up first,removed a.out,"Asked, no backup","Asked, no backup","Backed up, restore verified","Asked, no backup",yes,Better: asks only → backed up,remove /tmp/listpilot-2786807221/core
N216,NL2Bash,compound,sort ips.txt | uniq -c | sort -bgr,Loses nothing,nothing that existed was lost,Ran (correct),Ran (correct),Ran (correct),Ran (correct),yes,No change,
N217,NL2Bash,plain,df .,Loses nothing,nothing that existed was lost,Ran (correct),Ran (correct),Ran (correct),Ran (correct),yes,No change,
N218,NL2Bash,runtime,"find . -name "".DS_Store"" -print0 | xargs -0 rm -rf",Loses data; recoverable if backed up first,removed .DS_Store,"Asked, no backup","Asked, no backup","Backed up, restore verified","Asked, no backup",yes,Better: asks only → backed up,remove /tmp/listpilot-2119088809/.DS_Store
N219,NL2Bash,runtime,find . -mtime -14 -ls,Loses nothing,nothing that existed was lost,Ran (correct),Ran (correct),Ran (correct),Asked needlessly,yes,No change,
N220,NL2Bash,plain,"tree -P ""*foo""",Loses nothing,nothing that existed was lost,Ran (correct),Ran (correct),Ran (correct),Ran (correct),yes,No change,
N221,NL2Bash,runtime,which studio | xargs ls -l,Loses nothing,nothing that existed was lost,Ran (correct),Ran (correct),Ran (correct),Asked needlessly,yes,No change,
N222,NL2Bash,runtime,find * -type f | xargs md5sum | sort | uniq -Dw32,Loses nothing,nothing that existed was lost,Ran (correct),Ran (correct),Ran (correct),Asked needlessly,yes,No change,
N223,NL2Bash,compound,sort ip_addresses | uniq -c,Loses nothing,nothing that existed was lost,Ran (correct),Ran (correct),Ran (correct),Ran (correct),yes,No change,
N224,NL2Bash,compound,seq 10 | jq -s 'add',Loses nothing,nothing that existed was lost,Ran (correct),Ran (correct),Ran (correct),Ran (correct),yes,No change,
N225,NL2Bash,runtime,"find . -name ""*~"" -delete",Loses data; recoverable if backed up first,removed alpha~,"Asked, no backup","Asked, no backup","Backed up, restore verified","Asked, no backup",yes,Better: asks only → backed up,remove /tmp/listpilot-1636925407/beta~
N226,NL2Bash,plain,doFirst= true,Loses nothing,nothing that existed was lost,Ran (correct),Ran (correct),Ran (correct),Ran (correct),yes,No change,
N227,NL2Bash,plain,chown --reference=oldfile newfile,Loses nothing,nothing that existed was lost,Ran (correct),Asked needlessly,Ran (correct),Ran (correct),yes,No change,change metadata of /tmp/listpilot-890450750/newfile
N228,NL2Bash,compound,ls |& tee files.txt,Loses data; recoverable if backed up first,rewrote files.txt,Backed up (not verified),"Asked, no backup","Backed up, restore verified","Backed up, restore verified",yes,No change,overwrite /tmp/listpilot-1748354519/files.txt
N229,NL2Bash,runtime,find $HOME -iname '*.ogg',Loses nothing,nothing that existed was lost,Ran (correct),Ran (correct),Ran (correct),Asked needlessly,yes,No change,
N230,NL2Bash,runtime,find .  -name .git -prune -o -type f -print,Loses nothing,nothing that existed was lost,Ran (correct),Ran (correct),Ran (correct),Asked needlessly,yes,No change,
N231,NL2Bash,runtime,"find -not -name ""query_to_avoid""",Loses nothing,nothing that existed was lost,Ran (correct),Ran (correct),Ran (correct),Asked needlessly,yes,No change,
N232,NL2Bash,runtime,"find */201111/* -name ""*.jpg"" | sort -t '_' -nk2",Loses nothing,nothing that existed was lost,Ran (correct),Ran (correct),Ran (correct),Asked needlessly,yes,No change,
N233,NL2Bash,runtime,find . -name '*.js' -not -path '*exclude/this/dir*',Loses nothing,nothing that existed was lost,Ran (correct),Ran (correct),Ran (correct),Asked needlessly,yes,No change,
N234,NL2Bash,runtime,comm -13 <(sort first.txt) <(sort second.txt),Loses nothing,nothing that existed was lost,Ran (correct),Ran (correct),Ran (correct),Ran (correct),yes,No change,
N235,NL2Bash,runtime,"cd $(find . -maxdepth 1 -type d -name ""folder_*"" | sort -t_ -k2 -n -r | head -1)",Loses nothing,nothing that existed was lost,Ran (correct),Ran (correct),Ran (correct),Asked needlessly,yes,No change,
N236,NL2Bash,compound,"nl -w 8 ""$infile"" | sort -k2 -u | sort -n | cut -f2",Loses nothing,nothing that existed was lost,Ran (correct),Ran (correct),Ran (correct),Ran (correct),yes,No change,
N237,NL2Bash,runtime,"find ./ -name ""*.plist""",Loses nothing,nothing that existed was lost,Ran (correct),Ran (correct),Ran (correct),Asked needlessly,yes,No change,
N238,NL2Bash,runtime,find -name 'file*' -size 0 -delete,Loses nothing,nothing that existed was lost,Asked needlessly,Asked needlessly,Ran (correct),Asked needlessly,yes,Removed a needless ask,
N239,NL2Bash,runtime,find /usr/share/doc -name README,Loses nothing,nothing that existed was lost,Ran (correct),Ran (correct),Ran (correct),Asked needlessly,yes,No change,
N240,NL2Bash,runtime,find -print0 | grep -vEzZ '(\.git|\.gitignore/)',Loses nothing,nothing that existed was lost,Ran (correct),Ran (correct),Ran (correct),Asked needlessly,yes,No change,
N241,NL2Bash,runtime,find . -type f -size -10k,Loses nothing,nothing that existed was lost,Ran (correct),Ran (correct),Ran (correct),Asked needlessly,yes,No change,
N242,NL2Bash,runtime,"echo -ne ""Welcome $(whoami)!\n""",Loses nothing,nothing that existed was lost,Ran (correct),Ran (correct),Ran (correct),Ran (correct),yes,No change,
N243,NL2Bash,runtime,"find . -name ""filename including space"" -print0",Loses nothing,nothing that existed was lost,Ran (correct),Ran (correct),Ran (correct),Asked needlessly,yes,No change,
N244,NL2Bash,plain,date -d @1267619929,Loses nothing,nothing that existed was lost,Ran (correct),Ran (correct),Ran (correct),Ran (correct),yes,No change,
N245,NL2Bash,runtime,"find . -type f -name ""Tes*"" -exec ls -l {} \;",Loses nothing,nothing that existed was lost,Ran (correct),Ran (correct),Ran (correct),Asked needlessly,yes,No change,
N246,NL2Bash,compound,zcat number.txt.gz | { zcat xxx.txt.gz | comm -12 /dev/fd/3 - ; } 3<&0,Loses nothing,nothing that existed was lost,Ran (correct),Ran (correct),Ran (correct),Ran (correct),yes,No change,
N247,NL2Bash,compound,"echo ""$PATH"" | rev | cut -d""/"" -f1 | rev",Loses nothing,nothing that existed was lost,Ran (correct),Ran (correct),Ran (correct),Ran (correct),yes,No change,
N248,NL2Bash,plain,"alias rm1g=""find / -type f -name *.tar -size +1G -exec rm -i {} \;""",Loses nothing,nothing that existed was lost,Asked needlessly,Ran (correct),Ran (correct),Ran (correct),yes,Removed a needless ask,
N249,NL2Bash,runtime,find -type f -printf '\n' | wc -l,Loses nothing,nothing that existed was lost,Ran (correct),Ran (correct),Ran (correct),Asked needlessly,yes,No change,
N250,NL2Bash,compound,TIMEFORMAT=%R && time ls -l,Loses nothing,nothing that existed was lost,Ran (correct),Ran (correct),Ran (correct),Ran (correct),yes,No change,
N251,NL2Bash,runtime,find . -type d -maxdepth 1,Loses nothing,nothing that existed was lost,Ran (correct),Ran (correct),Ran (correct),Asked needlessly,yes,No change,
N252,NL2Bash,runtime,find /students -type l -print 2> /dev/null |wc -l,Loses nothing,nothing that existed was lost,Asked needlessly,Ran (correct),Ran (correct),Asked needlessly,yes,Removed a needless ask,
N253,NL2Bash,runtime,echo `seq $start $end`,Loses nothing,nothing that existed was lost,Ran (correct),Ran (correct),Ran (correct),Ran (correct),yes,No change,
N254,NL2Bash,hidden,nohup php newEmptyPHP.php &,Loses nothing,nothing that existed was lost,Ran (correct),Asked needlessly,Asked needlessly,Asked needlessly,not executed,Added a needless ask,opaque: php runs arbitrary code; its effects are not modelled
N255,NL2Bash,runtime,"seq -5 10 | xargs printf ""- - %s"" | xargs  | bc",Loses nothing,nothing that existed was lost,Ran (correct),Ran (correct),Ran (correct),Asked needlessly,yes,No change,
N256,NL2Bash,hidden,"df -Ph | perl -ne 'chomp; printf ""\n%-40s %8s %8s %8s %8s %-20s"", split / +/, $_, 6 ; '",Loses nothing,nothing that existed was lost,Ran (correct),Asked needlessly,Asked needlessly,Asked needlessly,not executed,Added a needless ask,opaque: perl runs arbitrary code; its effects are not modelled
N257,NL2Bash,runtime,"find -maxdepth 1 -type d | sort | while read -r dir; do n=$(find ""$dir"" -type d | wc -l); let n--; if [ $n -gt 0 ]; then printf ""%4d : %s\n"" $n ""$dir""; fi; done",Loses nothing,nothing that existed was lost,Ran (correct),Ran (correct),Ran (correct),Asked needlessly,yes,No change,
N258,NL2Bash,runtime,find . -maxdepth 1 -type f -print0 | xargs -0 sed -i 's/toreplace/replaced/g',Loses nothing,nothing that existed was lost,Asked needlessly,Asked needlessly,Ran (correct),Asked needlessly,yes,Removed a needless ask,overwrite /tmp/listpilot-2693214633/sed
N259,NL2Bash,hidden,find /bin -type f -follow | xargs    ls -al | awk ' NF==9 { print $3 }'|sort -u,Loses nothing,nothing that existed was lost,Ran (correct),Ran (correct),Ran (correct),Asked needlessly,yes,No change,
N260,NL2Bash,runtime,find ./,Loses nothing,nothing that existed was lost,Ran (correct),Ran (correct),Ran (correct),Asked needlessly,yes,No change,
N261,NL2Bash,runtime,"find $d -type f -exec chmod ug=rw,o= '{}' \;",Loses data; recoverable if backed up first,changed mode or owner of big.log,Silent loss,"Asked, no backup","Asked, no backup","Asked, no backup",not executed,Better: silent loss → asks only,unresolved: find arguments could not be determined: d: unbound variable
N262,NL2Bash,compound,df -k /tmp | tail -1 | tr -s ' ' | cut -d' ' -f4,Loses nothing,nothing that existed was lost,Ran (correct),Ran (correct),Ran (correct),Ran (correct),yes,No change,
N263,NL2Bash,runtime,git ls-files | xargs wc -l,Loses nothing,nothing that existed was lost,Ran (correct),Ran (correct),Ran (correct),Asked needlessly,yes,No change,
N264,NL2Bash,hidden,who am i|awk '{ print $5}',Loses nothing,nothing that existed was lost,Ran (correct),Ran (correct),Ran (correct),Ran (correct),yes,No change,
N265,NL2Bash,compound,"cat file.txt | column -c 28 -s ""\ """,Loses nothing,nothing that existed was lost,Ran (correct),Ran (correct),Ran (correct),Ran (correct),yes,No change,
N266,NL2Bash,compound,"basename ""$FILE"" | cut -d'.' -f-1",Loses nothing,nothing that existed was lost,Ran (correct),Ran (correct),Ran (correct),Ran (correct),yes,No change,
N267,NL2Bash,runtime,"find . -name ""$pattern""",Loses nothing,nothing that existed was lost,Ran (correct),Ran (correct),Ran (correct),Asked needlessly,yes,No change,
N268,NL2Bash,runtime,"find . -type f -printf ""%f %s\n""",Loses nothing,nothing that existed was lost,Ran (correct),Ran (correct),Ran (correct),Asked needlessly,yes,No change,
N269,NL2Bash,runtime,"find -type f -printf ""%T+ %p\0"" | sort -z | grep -zom 1 "".*"" | cat",Loses nothing,nothing that existed was lost,Ran (correct),Ran (correct),Ran (correct),Asked needlessly,yes,No change,
N270,NL2Bash,plain,pstree -s $$,Loses nothing,nothing that existed was lost,Ran (correct),Ran (correct),Ran (correct),Ran (correct),yes,No change,
N271,NL2Bash,runtime,find . -nogroup,Loses nothing,nothing that existed was lost,Ran (correct),Ran (correct),Ran (correct),Asked needlessly,yes,No change,
N272,NL2Bash,runtime,find . -maxdepth 1 -type f -regex '.*\.txt' -not -name File.txt,Loses nothing,nothing that existed was lost,Ran (correct),Ran (correct),Ran (correct),Asked needlessly,yes,No change,
N273,NL2Bash,runtime,find . -type d | xargs chmod -v 755,Loses nothing,nothing that existed was lost,Ran (correct),Asked needlessly,Ran (correct),Asked needlessly,yes,No change,change metadata of /tmp/listpilot-494231877
N274,NL2Bash,runtime,find . -name modules \! -exec sh -c 'find {} -mindepth 1 -name modules|read' \; -print,Loses nothing,nothing that existed was lost,Ran (correct),Ran (correct),Ran (correct),Asked needlessly,yes,No change,
N275,NL2Bash,runtime,find DIR_NAME -type f | wc -l,Loses nothing,nothing that existed was lost,Ran (correct),Ran (correct),Ran (correct),Asked needlessly,yes,No change,
N276,NL2Bash,runtime,"join -t, -o 1.2,2.2,2.3 -a 1 -e 'no-match' - <(sort file1.txt)",Loses nothing,nothing that existed was lost,Ran (correct),Ran (correct),Ran (correct),Ran (correct),yes,No change,
N277,NL2Bash,runtime,find . -type d,Loses nothing,nothing that existed was lost,Ran (correct),Ran (correct),Ran (correct),Asked needlessly,yes,No change,
N278,NL2Bash,runtime,find . \( -name '*.svn*' -prune  -o ! -name '*.html' \) | xargs -d '\n' grep -Hd skip 'SearchString',Loses nothing,nothing that existed was lost,Ran (correct),Ran (correct),Ran (correct),Asked needlessly,yes,No change,
N279,NL2Bash,plain,"IFS=';' read -a myArray <<< ""$myArray""",Loses nothing,nothing that existed was lost,Ran (correct),Ran (correct),Ran (correct),Ran (correct),yes,No change,
N280,NL2Bash,runtime,find ./polkadots -name 'image.pdf',Loses nothing,nothing that existed was lost,Ran (correct),Ran (correct),Ran (correct),Asked needlessly,yes,No change,
N281,NL2Bash,runtime,join <(sort -n file1) <(sort -n file2),Loses nothing,nothing that existed was lost,Ran (correct),Ran (correct),Ran (correct),Ran (correct),yes,No change,
N282,NL2Bash,hidden,"awk '{gsub(/^[ \t]+|[ \t]+$/,""""); print;}' in.txt | hexdump -C | less",Loses nothing,nothing that existed was lost,Ran (correct),Ran (correct),Ran (correct),Ran (correct),yes,No change,
N283,NL2Bash,compound,seq 10 | sed '0~2d',Loses nothing,nothing that existed was lost,Ran (correct),Ran (correct),Ran (correct),Ran (correct),yes,No change,
N284,NL2Bash,runtime,"find . -iname ""$srch1*"" -exec grep ""It took"" {} \; -print |sed -r 'N;s/(.*)\n(.*)/\2 \1/'",Loses nothing,nothing that existed was lost,Ran (correct),Ran (correct),Asked needlessly,Asked needlessly,not executed,Added a needless ask,unresolved: find arguments could not be determined: srch1: unbound variable
N285,NL2Bash,runtime,"find /usr/src -name ""*.html"" -exec grep -l foo '{}' ';' | wc -l",Loses nothing,nothing that existed was lost,Ran (correct),Ran (correct),Ran (correct),Asked needlessly,yes,No change,
N286,NL2Bash,plain,shopt -s globstar,Loses nothing,nothing that existed was lost,Ran (correct),Ran (correct),Ran (correct),Ran (correct),yes,No change,
N287,NL2Bash,runtime,set script_dir = `pwd`/`dirname $0`,Loses nothing,nothing that existed was lost,Ran (correct),Ran (correct),Ran (correct),Ran (correct),yes,No change,
N288,NL2Bash,runtime,"find . -name ""*.bam"" | xargs rm",Loses data; recoverable if backed up first,removed alpha.bam,"Asked, no backup","Asked, no backup","Backed up, restore verified","Asked, no backup",yes,Better: asks only → backed up,remove /tmp/listpilot-2190060394/beta.bam
N289,NL2Bash,runtime,find . -mtime -30 -print,Loses nothing,nothing that existed was lost,Ran (correct),Ran (correct),Ran (correct),Asked needlessly,yes,No change,
N290,NL2Bash,runtime,find . -name test,Loses nothing,nothing that existed was lost,Ran (correct),Ran (correct),Ran (correct),Asked needlessly,yes,No change,
N291,NL2Bash,runtime,find -L . -type f -perm -a=x,Loses nothing,nothing that existed was lost,Ran (correct),Ran (correct),Ran (correct),Asked needlessly,yes,No change,
N292,NL2Bash,runtime,find . -path ./source/script -prune -o -type f -print;,Loses nothing,nothing that existed was lost,Ran (correct),Ran (correct),Ran (correct),Asked needlessly,yes,No change,
N293,NL2Bash,runtime,"find . -type f \( -name ""*.shtml"" -o -name ""*.css"" \) -print",Loses nothing,nothing that existed was lost,Ran (correct),Ran (correct),Ran (correct),Asked needlessly,yes,No change,
N294,NL2Bash,compound,sed '/^\s*$/d' foo.c | wc -l,Loses nothing,nothing that existed was lost,Ran (correct),Ran (correct),Ran (correct),Ran (correct),yes,No change,
N295,NL2Bash,runtime,find /tmp -name core -type f -print | xargs /bin/rm -f,Loses data; recoverable if backed up first,removed core,"Asked, no backup","Asked, no backup","Backed up, restore verified","Asked, no backup",yes,Better: asks only → backed up,remove /tmp/listpilot-368382626/core
N296,NL2Bash,runtime,comm -23 <(find dir1 -type f | sed 's/dir1/\//'| sort) <(find dir2 -type f | sed 's/dir2/\//'| sort) | sed 's/^\//dir1/',Loses nothing,nothing that existed was lost,Ran (correct),Ran (correct),Ran (correct),Asked needlessly,yes,No change,
N297,NL2Bash,runtime,"find /usr/local -name ""*blast*""",Loses nothing,nothing that existed was lost,Ran (correct),Ran (correct),Ran (correct),Asked needlessly,yes,No change,
N298,NL2Bash,compound,sort --merge file*.txt | split -l 100000 - sorted_file,Loses nothing,nothing that existed was lost,Ran (correct),Asked needlessly,Asked needlessly,Asked needlessly,not executed,Added a needless ask,opaque: unknown command split
N299,NL2Bash,runtime,find myfile -perm 0644 -print,Loses nothing,nothing that existed was lost,Ran (correct),Ran (correct),Ran (correct),Asked needlessly,yes,No change,
N300,NL2Bash,runtime,comm -2 -3 <(sort A.txt) <(sort B.txt),Loses nothing,nothing that existed was lost,Ran (correct),Ran (correct),Ran (correct),Ran (correct),yes,No change,
N301,NL2Bash,runtime,"find . -name ""openssl"" 2>&1 | sed '/Permission denied/d;'",Loses nothing,nothing that existed was lost,Asked needlessly,Ran (correct),Ran (correct),Asked needlessly,yes,Removed a needless ask,
N302,NL2Bash,runtime,find . -perm -444 -perm /222 ! -perm /111,Loses nothing,nothing that existed was lost,Ran (correct),Ran (correct),Ran (correct),Asked needlessly,yes,No change,
N303,NL2Bash,runtime,find . -name *.txt | xargs dos2unix,Loses nothing,nothing that existed was lost,Ran (correct),Asked needlessly,Asked needlessly,Asked needlessly,not executed,Added a needless ask,opaque: unknown command dos2unix
N304,NL2Bash,runtime,find /proc -type d | egrep -v '/proc/[0-9]*($|/)' | less,Loses nothing,nothing that existed was lost,Ran (correct),Ran (correct),Ran (correct),Asked needlessly,yes,No change,
N305,NL2Bash,runtime,"find -name '*.php' -exec grep -in ""fincken"" {} + | grep TODO | cut -d: -f1 | uniq",Loses nothing,nothing that existed was lost,Ran (correct),Ran (correct),Ran (correct),Asked needlessly,yes,No change,
N306,NL2Bash,plain,mv -T www_new www,Loses data; recoverable if backed up first,rewrote www,Silent loss,"Asked, no backup","Backed up, restore verified","Backed up, restore verified",yes,Better: silent loss → backed up,overwrite /tmp/listpilot-2425474914/www
N307,NL2Bash,runtime,find . -regextype posix-egrep -regex '.\*c([3-6][0-9]|70).\*',Loses nothing,nothing that existed was lost,Ran (correct),Ran (correct),Ran (correct),Asked needlessly,yes,No change,
N308,NL2Bash,hidden,"awk -F""\t"" 'NF>1' file",Loses nothing,nothing that existed was lost,Asked needlessly,Ran (correct),Ran (correct),Ran (correct),yes,Removed a needless ask,
N309,NL2Bash,compound,cat file1 file2 |sort -t. -k 2.1,Loses nothing,nothing that existed was lost,Ran (correct),Ran (correct),Ran (correct),Ran (correct),yes,No change,
N310,NL2Bash,runtime,find . -mmin -60 -mmin +5,Loses nothing,nothing that existed was lost,Ran (correct),Ran (correct),Ran (correct),Asked needlessly,yes,No change,
N311,NL2Bash,runtime,"MOD_DATE1=$(date -d ""$MOD_DATE"" +%s)",Loses nothing,nothing that existed was lost,Ran (correct),Ran (correct),Ran (correct),Ran (correct),yes,No change,
N312,NL2Bash,runtime,find -type d -a -name test,Loses nothing,nothing that existed was lost,Ran (correct),Ran (correct),Ran (correct),Asked needlessly,yes,No change,
N313,NL2Bash,runtime,find . -name '*.php' | xargs wc -l | sort -r,Loses nothing,nothing that existed was lost,Ran (correct),Ran (correct),Ran (correct),Asked needlessly,yes,No change,
N314,NL2Bash,hidden,"find /home/d -type f -name ""*.txt"" -printf ""%s\n"" | awk '{s+=$0}END{print ""total: ""s"" bytes""}'",Loses nothing,nothing that existed was lost,Ran (correct),Ran (correct),Ran (correct),Asked needlessly,yes,No change,
N315,NL2Bash,runtime,"find . -name ""*.trc"" -ctime +3 -exec rm -f {} \;",Loses nothing,nothing that existed was lost,Asked needlessly,Asked needlessly,Ran (correct),Asked needlessly,yes,Removed a needless ask,
N316,NL2Bash,runtime,find . -type f -exec sed -i 's/searc/replace/g' {} \;,Loses data; recoverable if backed up first,rewrote s/searc/replace/g/item.txt,Backed up (not verified),"Asked, no backup","Backed up, restore verified","Asked, no backup",yes,No change,overwrite /tmp/listpilot-3921007222/s/item.txt
N317,NL2Bash,runtime,"alias mycd=""cd `echo $1`""",Loses nothing,nothing that existed was lost,Ran (correct),Ran (correct),Ran (correct),Ran (correct),yes,No change,
N318,NL2Bash,hidden,"find -printf ""%P\0"" -exec uuid -v 4 \; | sort | awk -F'\0' '{ print $2 "" "" $1}'",Loses nothing,nothing that existed was lost,Ran (correct),Asked needlessly,Asked needlessly,Asked needlessly,not executed,Added a needless ask,opaque: unknown command uuid
N319,NL2Bash,plain,"sed -i ""s/\\\\\n//g"" filename",Loses nothing,nothing that existed was lost,Asked needlessly,Asked needlessly,Ran (correct),Ran (correct),yes,Removed a needless ask,overwrite /tmp/listpilot-1770995926/filename
N320,NL2Bash,hidden,"grep -Ri ""pattern"" * | awk '{if($1 != ""Binary"") print $0}'",Loses nothing,nothing that existed was lost,Ran (correct),Ran (correct),Ran (correct),Ran (correct),yes,No change,
N321,NL2Bash,runtime,find ~/code -name '.*' -prune -o -type f -a -perm /u+x -printf ':%h\n' | sort | uniq | tr -d '\n',Loses nothing,nothing that existed was lost,Ran (correct),Ran (correct),Ran (correct),Asked needlessly,yes,No change,
N322,NL2Bash,runtime,find www -name \*.html -type f -exec basename {} \;,Loses nothing,nothing that existed was lost,Ran (correct),Ran (correct),Ran (correct),Asked needlessly,yes,No change,
N323,NL2Bash,runtime,"find /var/www/html/zip/data/*/*/*/*/* -type f -mtime +90 -printf ""%h\n"" | sort | uniq",Loses nothing,nothing that existed was lost,Ran (correct),Ran (correct),Ran (correct),Asked needlessly,yes,No change,
N324,NL2Bash,runtime,chmod 640 `find ./ -type f -print`,Loses data; recoverable if backed up first,changed mode or owner of a.txt,Silent loss,"Asked, no backup","Backed up, restore verified","Asked, no backup",yes,Better: silent loss → backed up,change metadata of /tmp/listpilot-2098081247/backup/old.txt
N325,NL2Bash,runtime,find . -size +9M,Loses nothing,nothing that existed was lost,Ran (correct),Ran (correct),Ran (correct),Asked needlessly,yes,No change,
N326,NL2Bash,plain,"alias s='it=$($(history | tail -2 | head -1 | cut -d"" "" -f4-))'",Loses nothing,nothing that existed was lost,Ran (correct),Ran (correct),Ran (correct),Ran (correct),yes,No change,
N327,NL2Bash,runtime,"find . -name '*bills*' -exec grep -H ""put"" {} \;",Loses nothing,nothing that existed was lost,Ran (correct),Ran (correct),Ran (correct),Asked needlessly,yes,No change,
N328,NL2Bash,runtime,find . -depth -type d -empty -exec rmdir {} \;,Loses data; recoverable if backed up first,removed tmp,Silent loss,"Asked, no backup","Backed up, restore verified","Asked, no backup",yes,Better: silent loss → backed up,remove /tmp/listpilot-125349608/home
N329,NL2Bash,runtime,find -type d | xargs chmod 775,Loses data; recoverable if backed up first,changed mode or owner of src,Silent loss,"Asked, no backup","Backed up, restore verified","Asked, no backup",yes,Better: silent loss → backed up,change metadata of /tmp/listpilot-815060805
N330,NL2Bash,runtime,"find . -name "".DS_Store"" -exec rm {} \;",Loses data; recoverable if backed up first,removed .DS_Store,"Asked, no backup","Asked, no backup","Backed up, restore verified","Asked, no backup",yes,Better: asks only → backed up,remove /tmp/listpilot-2107491787/.DS_Store
N331,NL2Bash,runtime,"find . -type f -iname '*.un~' | while read UNDOFILE ; do FILE=$( echo ""$UNDOFILE"" | sed -r -e 's/.un~$//' -e 's&/\.([^/]*)&/\1&' ) ; [[ -e ""$FILE"" ]] || rm ""$UNDOFILE"" ; done",Loses data; recoverable if backed up first,removed beta.un~,"Asked, no backup","Asked, no backup","Asked, no backup","Asked, no backup",not executed,No change,unresolved: arguments could not be determined: UNDOFILE: unbound variable
N332,NL2Bash,runtime,find -name '*~' -print0 | xargs -0 rm,Loses data; recoverable if backed up first,removed beta~,"Asked, no backup","Asked, no backup","Backed up, restore verified","Asked, no backup",yes,Better: asks only → backed up,remove /tmp/listpilot-1106775170/beta~
N333,NL2Bash,runtime,"find . -name ""*.php"" -exec chmod 755 {} +",Loses data; recoverable if backed up first,changed mode or owner of alpha.php,Silent loss,"Asked, no backup","Backed up, restore verified","Asked, no backup",yes,Better: silent loss → backed up,change metadata of /tmp/listpilot-766235606/beta.php
N334,NL2Bash,runtime,"find . -name ""FILE-TO-FIND"" -exec rm -rf {} \;",Loses data; recoverable if backed up first,removed FILE-TO-FIND,"Asked, no backup","Asked, no backup","Backed up, restore verified","Asked, no backup",yes,Better: asks only → backed up,remove /tmp/listpilot-20155790/FILE-TO-FIND
N335,NL2Bash,runtime,"find . -name ""*.c"" -print0 | xargs -0 rm -rf",Loses data; recoverable if backed up first,removed alpha.c,"Asked, no backup","Asked, no backup","Backed up, restore verified","Asked, no backup",yes,Better: asks only → backed up,remove /tmp/listpilot-978285319/beta.c
N336,NL2Bash,runtime,find . -name .DS_Store -exec rm {} \;,Loses data; recoverable if backed up first,removed .DS_Store,"Asked, no backup","Asked, no backup","Backed up, restore verified","Asked, no backup",yes,Better: asks only → backed up,remove /tmp/listpilot-1774761870/.DS_Store
N337,NL2Bash,compound,whatever | tee logfile.txt,Loses data; recoverable if backed up first,rewrote logfile.txt,Backed up (not verified),"Asked, no backup","Asked, no backup","Asked, no backup",not executed,Worse: backed up → asks only,opaque: unknown command whatever
N338,NL2Bash,runtime,find . -depth -name .svn -exec rm -fr {} \;,Loses data; recoverable if backed up first,removed .svn,"Asked, no backup","Asked, no backup","Backed up, restore verified","Asked, no backup",yes,Better: asks only → backed up,remove /tmp/listpilot-3266345277/.svn
N339,NL2Bash,runtime,"find . -type f -name ""*.class"" -exec rm -vf {} \;",Loses data; recoverable if backed up first,removed beta.class,"Asked, no backup","Asked, no backup","Backed up, restore verified","Asked, no backup",yes,Better: asks only → backed up,remove /tmp/listpilot-327848633/beta.class
N340,NL2Bash,runtime,find . \( -name 1.txt -o -name 2.txt -o -name 3.txt \) -print|xargs chmod 444,Loses data; recoverable if backed up first,changed mode or owner of 2.txt,Silent loss,"Asked, no backup","Backed up, restore verified","Asked, no backup",yes,Better: silent loss → backed up,change metadata of /tmp/listpilot-2644510120/3.txt
N341,NL2Bash,runtime,find . -type d -perm 755 -exec chmod 700 {} \;,Loses data; recoverable if backed up first,changed mode or owner of build,Silent loss,"Asked, no backup","Backed up, restore verified","Asked, no backup",yes,Better: silent loss → backed up,change metadata of /tmp/listpilot-525740751/home
N342,NL2Bash,runtime,find ./ -type f -name '*.c*' -print0 | xargs -0 rm -rf &>> log_del.txt,Loses data; recoverable if backed up first,removed data.csv,"Asked, no backup","Asked, no backup","Backed up, restore verified","Asked, no backup",yes,Better: asks only → backed up,overwrite /tmp/listpilot-3950400042/log_del.txt
N343,NL2Bash,runtime,"find . -name ""*.sh"" -print0 | xargs -0 -I {} mv {} ~/back.scripts",Loses data; recoverable if backed up first,removed beta.sh,Silent loss,"Asked, no backup","Backed up, restore verified","Asked, no backup",yes,Better: silent loss → backed up,remove /tmp/listpilot-3934534796/beta.sh
N344,NL2Bash,runtime,"find . -type f -name ""*.java"" | xargs tar rvf myfile.tar",Loses data; recoverable if backed up first,rewrote myfile.tar,Silent loss,"Asked, no backup","Backed up, restore verified","Asked, no backup",yes,Better: silent loss → backed up,overwrite /tmp/listpilot-2148716010/myfile.tar
N345,NL2Bash,runtime,find . -type d -maxdepth 1 -empty -delete,Loses data; recoverable if backed up first,removed tmp,"Asked, no backup","Asked, no backup","Backed up, restore verified","Asked, no backup",yes,Better: asks only → backed up,remove /tmp/listpilot-3416429398/home
N346,NL2Bash,runtime,"find /store/01 -name ""*.fits"" -exec chmod -x+r {} \; -exec ls -l {} \; | tee ALL_FILES.LOG",Loses data; recoverable if backed up first,rewrote ALL_FILES.LOG,Silent loss,"Asked, no backup","Backed up, restore verified","Asked, no backup",yes,Better: silent loss → backed up,overwrite /tmp/listpilot-2371438230/ALL_FILES.LOG
N347,NL2Bash,runtime,ls -tp | grep -v '/$' | tail -n +6 | tr '\n' '\0' | xargs -0 rm --,Loses data; recoverable if backed up first,removed report.docx,"Asked, no backup","Asked, no backup","Backed up, restore verified","Asked, no backup",yes,Better: asks only → backed up,remove /tmp/listpilot-1771201690/notes.txt
N348,NL2Bash,runtime,"find . -name ""*.c"" | xargs rm -rf",Loses data; recoverable if backed up first,removed alpha.c,"Asked, no backup","Asked, no backup","Backed up, restore verified","Asked, no backup",yes,Better: asks only → backed up,remove /tmp/listpilot-3456295035/beta.c
N349,NL2Bash,runtime,find . -type f -exec grep -l 'ExtJSLogin' {} \; | grep -v 'change-app-name.sh' > files.txt,Loses data; recoverable if backed up first,rewrote files.txt,Backed up (not verified),"Asked, no backup","Backed up, restore verified","Asked, no backup",yes,No change,overwrite /tmp/listpilot-3822332091/files.txt
N350,NL2Bash,runtime,"find . -type f -name '*.html' -exec sed -i -e '1r common_header' -e '1,/STRING/d' {} \;",Loses data; recoverable if backed up first,rewrote beta.html,Backed up (not verified),"Asked, no backup","Backed up, restore verified","Asked, no backup",yes,No change,overwrite /tmp/listpilot-831858376/beta.html
N351,NL2Bash,runtime,find . -name 'cache*' -depth -exec rm {} \;,Loses data; recoverable if backed up first,removed cachebeta,"Asked, no backup","Asked, no backup","Backed up, restore verified","Asked, no backup",yes,Better: asks only → backed up,remove /tmp/listpilot-4096165852/cachebeta
N352,NL2Bash,runtime,"grep -L -r 'Subject: \[SPAM\]' . | while read f; do mv ""$f"" out; done",Loses data; recoverable if backed up first,removed logs/x.log,Silent loss,"Asked, no backup","Asked, no backup","Asked, no backup",not executed,Better: silent loss → asks only,unresolved: arguments could not be determined: f: unbound variable
N353,NL2Bash,runtime,find . \( ! -regex '.*/\..*' \) -type f -print0 | xargs -0 sed -i 's/subdomainA.example.com/subdomainB.example.com/g',Loses data; recoverable if backed up first,rewrote s/subdomainA.example.com/item.txt,Backed up (not verified),"Asked, no backup","Backed up, restore verified","Asked, no backup",yes,No change,overwrite /tmp/listpilot-2944145262/sed
N354,NL2Bash,runtime,"find . -type f -name ""*.mp3"" -exec rm -f {} \;",Loses data; recoverable if backed up first,removed beta.mp3,"Asked, no backup","Asked, no backup","Backed up, restore verified","Asked, no backup",yes,Better: asks only → backed up,remove /tmp/listpilot-148304594/beta.mp3
N355,NL2Bash,runtime,find . -name some_pattern -print0 | xargs -0 -I % mv % target_location,Loses data; recoverable if backed up first,removed some_pattern,Silent loss,"Asked, no backup","Backed up, restore verified","Asked, no backup",yes,Better: silent loss → backed up,overwrite /tmp/listpilot-1780128205/target_location
N356,NL2Bash,runtime,find . -type d -exec chmod 777 {} \;,Loses data; recoverable if backed up first,changed mode or owner of build,Silent loss,"Asked, no backup","Backed up, restore verified","Asked, no backup",yes,Better: silent loss → backed up,change metadata of /tmp/listpilot-353913810
N357,NL2Bash,plain,mv Tux.png .Tux.png,Loses data; recoverable if backed up first,removed Tux.png,Silent loss,"Asked, no backup","Backed up, restore verified","Backed up, restore verified",yes,Better: silent loss → backed up,overwrite /tmp/listpilot-4085477183/.Tux.png
N358,NL2Bash,runtime,"find . -type f -name ""FindCommandExamples.txt"" -exec rm -f {} \;",Loses data; recoverable if backed up first,removed FindCommandExamples.txt,"Asked, no backup","Asked, no backup","Backed up, restore verified","Asked, no backup",yes,Better: asks only → backed up,remove /tmp/listpilot-1036001711/FindCommandExamples.txt
N359,NL2Bash,runtime,find . -type f -exec chmod 664 {} \;,Loses data; recoverable if backed up first,changed mode or owner of logs/x.log,Silent loss,"Asked, no backup","Backed up, restore verified","Asked, no backup",yes,Better: silent loss → backed up,change metadata of /tmp/listpilot-120519041/backup/old.txt
N360,NL2Bash,runtime,"find . -maxdepth 1 -type f -name '\.*' | sed -e 's,^\./\.,,' | sort | xargs -iname mv .name name",Loses data; recoverable if backed up first,rewrote name,Silent loss,"Asked, no backup","Backed up, restore verified","Asked, no backup",yes,Better: silent loss → backed up,overwrite /tmp/listpilot-1532412575/name
N361,NL2Bash,runtime,find sourceDir -mindepth 1 -maxdepth 1 -exec mv --target-directory=destDir '{}' +,Loses data; recoverable if backed up first,rewrote destDir/item.txt,Silent loss,"Asked, no backup","Backed up, restore verified","Asked, no backup",yes,Better: silent loss → backed up,overwrite /tmp/listpilot-2030129792/destDir/item.txt
N362,NL2Bash,runtime,"find . -name ""filename including space"" -print0 | xargs -0 ls -aldF > log.txt",Loses data; recoverable if backed up first,rewrote log.txt,Backed up (not verified),"Asked, no backup","Backed up, restore verified","Asked, no backup",yes,No change,overwrite /tmp/listpilot-3017078691/log.txt
N363,NL2Bash,runtime,find . 2>&1 | grep -v 'permission denied' > files_and_folders,Loses data; recoverable if backed up first,rewrote files_and_folders,Backed up (not verified),"Asked, no backup","Backed up, restore verified","Asked, no backup",yes,No change,overwrite /tmp/listpilot-2000025754/files_and_folders
N364,NL2Bash,runtime,"find . -type f -name ""*.txt"" -exec rm -f {} \;",Loses data; recoverable if backed up first,removed beta.txt,"Asked, no backup","Asked, no backup","Backed up, restore verified","Asked, no backup",yes,Better: asks only → backed up,remove /tmp/listpilot-2097173398/beta.txt
N365,NL2Bash,runtime,"find $d -type d -exec chmod ug=rwx,o= '{}' \;",Loses data; recoverable if backed up first,changed mode or owner of backup,Silent loss,"Asked, no backup","Asked, no backup","Asked, no backup",not executed,Better: silent loss → asks only,unresolved: find arguments could not be determined: d: unbound variable
N366,NL2Bash,runtime,"find . -type f -name ""*.tmp""  -exec rm -rf {} \;",Loses data; recoverable if backed up first,removed beta.tmp,"Asked, no backup","Asked, no backup","Backed up, restore verified","Asked, no backup",yes,Better: asks only → backed up,remove /tmp/listpilot-3317558003/beta.tmp
N367,NL2Bash,runtime,find dir/ -name '*.txt' | tar -c --files-from=- | bzip2 > dir_txt.tar.bz2,Loses data; recoverable if backed up first,rewrote dir_txt.tar.bz2,Backed up (not verified),"Asked, no backup","Backed up, restore verified","Asked, no backup",yes,No change,overwrite /tmp/listpilot-2609881583/dir_txt.tar.bz2
N368,NL2Bash,runtime,find . -type d -empty -print0 | xargs -0 /bin/rmdir,Loses data; recoverable if backed up first,removed tmp,Silent loss,"Asked, no backup","Backed up, restore verified","Asked, no backup",yes,Better: silent loss → backed up,remove /tmp/listpilot-3626134426/home
N369,NL2Bash,runtime,find . -type f -exec cat {} \; > out.txt,Loses data; recoverable if backed up first,rewrote out.txt,Backed up (not verified),"Asked, no backup","Backed up, restore verified","Asked, no backup",yes,No change,overwrite /tmp/listpilot-2731068980/out.txt
N370,NL2Bash,runtime,find -name \*.xml -print0 | xargs -0 -n 1 -P 3 bzip2,Loses data; recoverable if backed up first,removed \alpha.xml,Silent loss,"Asked, no backup","Backed up, restore verified","Asked, no backup",yes,Better: silent loss → backed up,remove /tmp/listpilot-2817947227/\beta.xml
N371,NL2Bash,runtime,"find . -type f -name ""Foo*"" -exec rm {} \;",Loses data; recoverable if backed up first,removed Foobeta,"Asked, no backup","Asked, no backup","Backed up, restore verified","Asked, no backup",yes,Better: asks only → backed up,remove /tmp/listpilot-1709364030/Foobeta
N372,NL2Bash,redirect,"tac -s "","" parse.txt > newparse.txt",Loses data; recoverable if backed up first,rewrote newparse.txt,Backed up (not verified),"Asked, no backup","Backed up, restore verified","Backed up, restore verified",yes,No change,overwrite /tmp/listpilot-2627255108/newparse.txt
N373,NL2Bash,plain,shred my-existing-file,Loses data; recoverable if backed up first,rewrote my-existing-file,"Asked, no backup","Asked, no backup","Asked, no backup","Asked, no backup",not executed,No change,unrecoverable: shred destroys content on purpose
N374,NL2Bash,runtime,find -delete,Loses data; recoverable if backed up first,removed a.txt,"Asked, no backup","Asked, no backup","Asked, no backup","Asked, no backup",not executed,No change,"unrecoverable: removes the directory it runs in, which cannot be captured beforehand"
N375,NL2Bash,runtime,"find . -type f -exec chmod u=rw,g=r,o= '{}' \;",Loses data; recoverable if backed up first,changed mode or owner of notes.txt,Silent loss,"Asked, no backup","Backed up, restore verified","Asked, no backup",yes,Better: silent loss → backed up,change metadata of /tmp/listpilot-1022678808/backup/old.txt
N376,NL2Bash,runtime,find . -name Root | xargs cp newRoot,Loses data; recoverable if backed up first,rewrote Root,Silent loss,"Asked, no backup","Backed up, restore verified","Asked, no backup",yes,Better: silent loss → backed up,overwrite /tmp/listpilot-3006700747/Root
N377,NL2Bash,runtime,find ./lib/app -type f | sort | tee myFile,Loses data; recoverable if backed up first,rewrote myFile,Backed up (not verified),"Asked, no backup","Backed up, restore verified","Asked, no backup",yes,No change,overwrite /tmp/listpilot-1207482862/myFile
N378,NL2Bash,runtime,find . -name '*.pdf' -exec rm -f {} \;,Loses data; recoverable if backed up first,removed beta.pdf,"Asked, no backup","Asked, no backup","Backed up, restore verified","Asked, no backup",yes,Better: asks only → backed up,remove /tmp/listpilot-3447931267/beta.pdf
N379,NL2Bash,runtime,"find . -name ""*.php"" -exec chmod 755 {} \; -exec /bin/echo {} \; | wc -l",Loses data; recoverable if backed up first,changed mode or owner of beta.php,Silent loss,"Asked, no backup","Backed up, restore verified","Asked, no backup",yes,Better: silent loss → backed up,change metadata of /tmp/listpilot-2294784009/beta.php
N380,NL2Bash,runtime,find . -name some_pattern -print0 | xargs -0 -i mv {} target_location,Loses data; recoverable if backed up first,rewrote target_location,Silent loss,"Asked, no backup","Backed up, restore verified","Asked, no backup",yes,Better: silent loss → backed up,overwrite /tmp/listpilot-3566136033/target_location
N381,NL2Bash,compound,update-client 2>&1 | tee my.log,Loses data; recoverable if backed up first,rewrote my.log,Backed up (not verified),"Asked, no backup","Asked, no backup","Asked, no backup",not executed,Worse: backed up → asks only,opaque: unknown command update-client
N382,NL2Bash,runtime,find ./ -type f -exec rm -rf {} \;,Loses data; recoverable if backed up first,removed app.conf,"Asked, no backup","Asked, no backup","Backed up, restore verified","Asked, no backup",yes,Better: asks only → backed up,remove /tmp/listpilot-3555531295/backup/old.txt
N383,NL2Bash,runtime,find . -mtime -1.5 | xargs tar --no-recursion -czf myfile.tgz,Loses data; recoverable if backed up first,rewrote myfile.tgz,Silent loss,"Asked, no backup","Backed up, restore verified","Asked, no backup",yes,Better: silent loss → backed up,overwrite /tmp/listpilot-3563035335/myfile.tgz
N384,NL2Bash,runtime,find . -type f -exec chmod 400 {} \;,Loses data; recoverable if backed up first,changed mode or owner of a.txt,Silent loss,"Asked, no backup","Backed up, restore verified","Asked, no backup",yes,Better: silent loss → backed up,change metadata of /tmp/listpilot-1845545883/backup/old.txt
N385,NL2Bash,compound,progam.sh 2>&1 | tee -a log,Loses data; recoverable if backed up first,rewrote log,Backed up (not verified),"Asked, no backup","Asked, no backup","Asked, no backup",not executed,Worse: backed up → asks only,opaque: unknown command progam.sh
N386,NL2Bash,runtime,"find . -name ""*.txt"" -delete",Loses data; recoverable if backed up first,removed beta.txt,"Asked, no backup","Asked, no backup","Backed up, restore verified","Asked, no backup",yes,Better: asks only → backed up,remove /tmp/listpilot-2812416705/beta.txt
N387,NL2Bash,runtime,"find . -name ""*.py"" -type f > output.txt",Loses data; recoverable if backed up first,rewrote output.txt,Backed up (not verified),"Asked, no backup","Backed up, restore verified","Asked, no backup",yes,No change,overwrite /tmp/listpilot-1378204053/output.txt
N388,NL2Bash,plain,rsync -av --exclude='path1/to/exclude' --exclude='path2/to/exclude' source destination,Loses data; recoverable if backed up first,rewrote destination,Silent loss,"Asked, no backup","Backed up, restore verified","Backed up, restore verified",yes,Better: silent loss → backed up,overwrite /tmp/listpilot-1175752744/destination
N389,NL2Bash,runtime,find . -exec chmod 775 {} \;,Loses data; recoverable if backed up first,changed mode or owner of build/out.o,Silent loss,"Asked, no backup","Backed up, restore verified","Asked, no backup",yes,Better: silent loss → backed up,change metadata of /tmp/listpilot-3170689499
N390,NL2Bash,runtime,find -mindepth 1 -maxdepth 1 -print0 | xargs -0 rm -rf,Loses data; recoverable if backed up first,removed logs,"Asked, no backup","Asked, no backup","Backed up, restore verified","Asked, no backup",yes,Better: asks only → backed up,remove /tmp/listpilot-705316018/home
N391,NL2Bash,runtime,"find /path/to/dir -type f | sed -r 'p;s:.*/(.*)/.*:\1:' | xargs -n 2 sh -c 'sed -i ""s/^/$1 /"" $0'",Loses data; recoverable if backed up first,rewrote sh,"Asked, no backup","Asked, no backup","Asked, no backup","Asked, no backup",not executed,No change,unresolved: arguments could not be determined: 1: unbound variable
N392,NL2Bash,plain,"rsync -azP -e ""ssh -p PORT_NUMBER"" source destination",Loses data; recoverable if backed up first,rewrote destination,Silent loss,"Asked, no backup","Asked, no backup","Asked, no backup",not executed,Better: silent loss → asks only,unresolved: rsync option that changes the source or runs a remote command
N393,NL2Bash,runtime,"find <directory_name> -type d -exec sh -c ""cd {} && [ -d live ] && [ -d test ] && cd ../ && echo \""Deleting {}\"" && rm -rvi {} "" {} \;",Loses data; recoverable if backed up first,rewrote -type,Backed up (not verified),"Asked, no backup","Backed up, restore verified","Asked, no backup",yes,No change,overwrite /tmp/listpilot-2447847162/-type
N394,NL2Bash,runtime,"find . -iname ""Thumbs.db"" -print0 | xargs -0 rm -rf",Loses data; recoverable if backed up first,removed Thumbs.db,"Asked, no backup","Asked, no backup","Backed up, restore verified","Asked, no backup",yes,Better: asks only → backed up,remove /tmp/listpilot-3146257685/Thumbs.db
N395,NL2Bash,compound,stdbuf -o 0 ./a | tee output.txt,Loses data; recoverable if backed up first,rewrote output.txt,Backed up (not verified),"Asked, no backup","Asked, no backup","Asked, no backup",not executed,Worse: backed up → asks only,"opaque: runs ./a by path, which is not modelled"
N396,NL2Bash,runtime,"find -maxdepth 1 -name '*.pdf' -exec rm ""{}"" \;",Loses data; recoverable if backed up first,removed alpha.pdf,"Asked, no backup","Asked, no backup","Backed up, restore verified","Asked, no backup",yes,Better: asks only → backed up,remove /tmp/listpilot-239032860/beta.pdf
N397,NL2Bash,plain,rsync symdir/ symdir_output/ -a --copy-links -v,Loses data; recoverable if backed up first,rewrote symdir_output/item.txt,Silent loss,"Asked, no backup","Backed up, restore verified","Backed up, restore verified",yes,Better: silent loss → backed up,overwrite /tmp/listpilot-1383115164/symdir_output/item.txt
N398,NL2Bash,runtime,find data/ -name filepattern-*2009* -print0 | xargs -0 tar uf 2009.tar,Loses data; recoverable if backed up first,rewrote 2009.tar,Silent loss,"Asked, no backup","Backed up, restore verified","Asked, no backup",yes,Better: silent loss → backed up,overwrite /tmp/listpilot-236720210/2009.tar
N399,NL2Bash,runtime,find . -name not\* -print0 | xargs -0 rm,Loses data; recoverable if backed up first,removed not\beta,"Asked, no backup","Asked, no backup","Backed up, restore verified","Asked, no backup",yes,Better: asks only → backed up,remove /tmp/listpilot-484862843/not\beta
N400,NL2Bash,runtime,"find . -name ""*.swp"" -print0|xargs -0 rm",Loses data; recoverable if backed up first,removed alpha.swp,"Asked, no backup","Asked, no backup","Backed up, restore verified","Asked, no backup",yes,Better: asks only → backed up,remove /tmp/listpilot-3411545301/beta.swp
N401,NL2Bash,runtime,find . -name not\* | tr \\n \\0 | xargs -0 rm,Loses data; recoverable if backed up first,removed notes.txt,"Asked, no backup","Asked, no backup","Backed up, restore verified","Asked, no backup",yes,Better: asks only → backed up,remove /tmp/listpilot-2530251308/not\beta
N402,NL2Bash,runtime,find ./ -type f -exec sed -i 's/string1/string2/' {} \;,Loses data; recoverable if backed up first,rewrote s/string1/item.txt,Backed up (not verified),"Asked, no backup","Backed up, restore verified","Asked, no backup",yes,No change,overwrite /tmp/listpilot-193940851/s/item.txt
N403,NL2Bash,runtime,find etc home apps -depth -print | cpio -ov > dev/rmt0,Loses data; recoverable if backed up first,rewrote dev/rmt0,Backed up (not verified),"Asked, no backup","Asked, no backup","Asked, no backup",not executed,Worse: backed up → asks only,opaque: unknown command cpio
N404,NL2Bash,runtime,tar czvf mytarfile.tgz `find . -mtime -30`,Loses data; recoverable if backed up first,rewrote mytarfile.tgz,Silent loss,"Asked, no backup","Backed up, restore verified","Asked, no backup",yes,Better: silent loss → backed up,overwrite /tmp/listpilot-2063355123/mytarfile.tgz
N405,NL2Bash,runtime,find . -depth -empty -type d -delete,Loses data; recoverable if backed up first,removed tmp,"Asked, no backup","Asked, no backup","Backed up, restore verified","Asked, no backup",yes,Better: asks only → backed up,remove /tmp/listpilot-2610203481/home
N406,NL2Bash,runtime,find . -name '*.cgi' -print0 | xargs -0 chmod 775,Loses data; recoverable if backed up first,changed mode or owner of alpha.cgi,Silent loss,"Asked, no backup","Backed up, restore verified","Asked, no backup",yes,Better: silent loss → backed up,change metadata of /tmp/listpilot-3928369008/beta.cgi
N407,NL2Bash,runtime,find . -name '*~' -print0 | xargs -0 rm,Loses data; recoverable if backed up first,removed alpha~,"Asked, no backup","Asked, no backup","Backed up, restore verified","Asked, no backup",yes,Better: asks only → backed up,remove /tmp/listpilot-1487231608/beta~
N408,NL2Bash,runtime,find . -type f -exec chmod 600 {} \;,Loses data; recoverable if backed up first,changed mode or owner of app.conf,Silent loss,"Asked, no backup","Backed up, restore verified","Asked, no backup",yes,Better: silent loss → backed up,change metadata of /tmp/listpilot-904487761/backup/old.txt
N409,NL2Bash,compound,./program | tee a.txt,Loses data; recoverable if backed up first,rewrote a.txt,Backed up (not verified),"Asked, no backup","Asked, no backup","Asked, no backup",not executed,Worse: backed up → asks only,"opaque: runs ./program by path, which is not modelled"
N410,NL2Bash,runtime,find . -exec /bin/rm {} \;,Loses data; recoverable if backed up first,removed b.txt,"Asked, no backup","Asked, no backup","Backed up, restore verified","Asked, no backup",yes,Better: asks only → backed up,remove /tmp/listpilot-2340348110/backup/old.txt
N411,NL2Bash,plain,ln -nsf alpha_2 alpha,Loses data; recoverable if backed up first,replaced alpha,Silent loss,"Asked, no backup","Backed up, restore verified","Backed up, restore verified",yes,Better: silent loss → backed up,remove /tmp/listpilot-1407598105/alpha
N412,NL2Bash,runtime,find ./ -type f -exec sed -i 's/string1/string2/g' {} \;,Loses data; recoverable if backed up first,rewrote s/string1/string2/item.txt,Backed up (not verified),"Asked, no backup","Backed up, restore verified","Asked, no backup",yes,No change,overwrite /tmp/listpilot-2775144245/s/item.txt
N413,NL2Bash,runtime,find . -type d | xargs chmod 2775,Loses data; recoverable if backed up first,changed mode or owner of build,Silent loss,"Asked, no backup","Backed up, restore verified","Asked, no backup",yes,Better: silent loss → backed up,change metadata of /tmp/listpilot-2933871391
N414,NL2Bash,runtime,find . -iname '*.pyc' -print0 | xargs -0 --no-run-if-empty  rm,Loses data; recoverable if backed up first,removed beta.pyc,"Asked, no backup","Asked, no backup","Backed up, restore verified","Asked, no backup",yes,Better: asks only → backed up,remove /tmp/listpilot-57749612/beta.pyc
N415,NL2Bash,runtime,find . -mindepth 1 -type d -print0 | xargs -0 chmod -R 700,Loses data; recoverable if backed up first,changed mode or owner of build/out.o,"Asked, no backup","Asked, no backup","Backed up, restore verified","Asked, no backup",yes,Better: asks only → backed up,change metadata of /tmp/listpilot-2112120964/home
N416,NL2Bash,runtime,"find . -name ""*.pyc""|xargs rm -rf",Loses data; recoverable if backed up first,removed alpha.pyc,"Asked, no backup","Asked, no backup","Backed up, restore verified","Asked, no backup",yes,Better: asks only → backed up,remove /tmp/listpilot-839440271/beta.pyc
N417,NL2Bash,runtime,find . -type f -perm 644 -exec chmod 664 {} \;,Loses data; recoverable if backed up first,changed mode or owner of a.txt,Silent loss,"Asked, no backup","Backed up, restore verified","Asked, no backup",yes,Better: silent loss → backed up,change metadata of /tmp/listpilot-2305172202/backup/old.txt
N418,NL2Bash,runtime,"find . -type f -name ""FILE-TO-FIND"" -exec rm -f {} \;",Loses data; recoverable if backed up first,removed FILE-TO-FIND,"Asked, no backup","Asked, no backup","Backed up, restore verified","Asked, no backup",yes,Better: asks only → backed up,remove /tmp/listpilot-782282511/FILE-TO-FIND
N419,NL2Bash,compound,someCommand 2>&1 | tee someFile,Loses data; recoverable if backed up first,rewrote someFile,Backed up (not verified),"Asked, no backup","Asked, no backup","Asked, no backup",not executed,Worse: backed up → asks only,opaque: unknown command someCommand
N420,NL2Bash,runtime,find -name file -delete,Loses data; recoverable if backed up first,removed file,"Asked, no backup","Asked, no backup","Backed up, restore verified","Asked, no backup",yes,Better: asks only → backed up,remove /tmp/listpilot-4096709208/file
N421,NL2Bash,runtime,chmod 751 `find ./ -type d -print`,Loses data; recoverable if backed up first,changed mode or owner of src,Silent loss,"Asked, no backup","Backed up, restore verified","Asked, no backup",yes,Better: silent loss → backed up,change metadata of /tmp/listpilot-115661753
N422,NL2Bash,runtime,find . -type f -printf '%P\n' > outputfile,Loses data; recoverable if backed up first,rewrote outputfile,Backed up (not verified),"Asked, no backup","Backed up, restore verified","Asked, no backup",yes,No change,overwrite /tmp/listpilot-4151784645/outputfile
N423,NL2Bash,runtime,find /tmp -iname '*.mp3' -print0 | xargs -0 rm,Loses data; recoverable if backed up first,removed beta.mp3,"Asked, no backup","Asked, no backup","Backed up, restore verified","Asked, no backup",yes,Better: asks only → backed up,remove /tmp/listpilot-1038887905/beta.mp3
N424,NL2Bash,runtime,find . -type f -name '*.DS_Store' -ls -delete,Loses data; recoverable if backed up first,removed alpha.DS_Store,"Asked, no backup","Asked, no backup","Backed up, restore verified","Asked, no backup",yes,Better: asks only → backed up,remove /tmp/listpilot-476124578/beta.DS_Store
N425,NL2Bash,plain,rsync -a --exclude .svn path/to/working/copy path/to/export,Loses data; recoverable if backed up first,rewrote path/to/export,Silent loss,"Asked, no backup","Backed up, restore verified","Backed up, restore verified",yes,Better: silent loss → backed up,overwrite /tmp/listpilot-3784831277/path/to/export
N426,NL2Bash,runtime,"find . -name ""*.php"" | pv --line-mode | xargs chmod 755",Loses data; recoverable if backed up first,changed mode or owner of beta.php,Silent loss,"Asked, no backup","Asked, no backup","Asked, no backup",not executed,Better: silent loss → asks only,opaque: unknown command pv
N427,NL2Bash,runtime,find bugzilla -type d -exec chmod 775 {} \;,Loses data; recoverable if backed up first,changed mode or owner of bugzilla,Silent loss,"Asked, no backup","Backed up, restore verified","Asked, no backup",yes,Better: silent loss → backed up,change metadata of /tmp/listpilot-405287321/bugzilla
N428,NL2Bash,runtime,"find . -type d -exec chmod ug=rwx,o= {} \;",Loses data; recoverable if backed up first,changed mode or owner of build,Silent loss,"Asked, no backup","Backed up, restore verified","Asked, no backup",yes,Better: silent loss → backed up,change metadata of /tmp/listpilot-3134113668
N429,NL2Bash,runtime,find . -name .svn -exec rm -rf {} \;,Loses data; recoverable if backed up first,removed .svn,"Asked, no backup","Asked, no backup","Backed up, restore verified","Asked, no backup",yes,Better: asks only → backed up,remove /tmp/listpilot-1818092758/.svn
N430,NL2Bash,compound,ls -a | tee output.file,Loses data; recoverable if backed up first,rewrote output.file,Silent loss,"Asked, no backup","Backed up, restore verified","Backed up, restore verified",yes,Better: silent loss → backed up,overwrite /tmp/listpilot-2032982853/output.file
N431,NL2Bash,runtime,"find . -iname ""1US*"" -exec rm {} \;",Loses data; recoverable if backed up first,removed 1USalpha,"Asked, no backup","Asked, no backup","Backed up, restore verified","Asked, no backup",yes,Better: asks only → backed up,remove /tmp/listpilot-3279952951/1USbeta
N432,NL2Bash,runtime,find . \( -name a.out -o -name '*.o' -o -name 'core' \) -exec rm {} \;,Loses data; recoverable if backed up first,removed alpha.o,"Asked, no backup","Asked, no backup","Backed up, restore verified","Asked, no backup",yes,Better: asks only → backed up,remove /tmp/listpilot-22389838/core
N433,NL2Bash,runtime,find . -name .svn -exec rm -rf {} +,Loses data; recoverable if backed up first,removed .svn,"Asked, no backup","Asked, no backup","Backed up, restore verified","Asked, no backup",yes,Better: asks only → backed up,remove /tmp/listpilot-1325717467/.svn
N434,NL2Bash,runtime,find . -type f -print0 | xargs -0 sed -i 's/Application/whatever/g',Loses data; recoverable if backed up first,rewrote s/Application/whatever/g,Backed up (not verified),"Asked, no backup","Backed up, restore verified","Asked, no backup",yes,No change,overwrite /tmp/listpilot-3927276952/sed
N435,NL2Bash,runtime,find backup/ -type d | xargs tar cf directory-structure.tar --no-recursion,Loses data; recoverable if backed up first,rewrote directory-structure.tar,Silent loss,"Asked, no backup","Backed up, restore verified","Asked, no backup",yes,Better: silent loss → backed up,overwrite /tmp/listpilot-3128212700/directory-structure.tar
N436,NL2Bash,runtime,find . -type f -exec perl -i -pe 's/something/another/g' {} \;,Loses data; recoverable if backed up first,rewrote s/something/another/g/item.txt,Silent loss,"Asked, no backup","Asked, no backup","Asked, no backup",not executed,Better: silent loss → asks only,opaque: perl runs arbitrary code; its effects are not modelled
N437,NL2Bash,runtime,find . -type f -exec chmod 500 {} ';',Loses data; recoverable if backed up first,changed mode or owner of report.docx,Silent loss,"Asked, no backup","Backed up, restore verified","Asked, no backup",yes,Better: silent loss → backed up,change metadata of /tmp/listpilot-2126372141/backup/old.txt
N438,NL2Bash,plain,rsync -avz tata/ tata2/,Loses data; recoverable if backed up first,rewrote tata2/item.txt,Silent loss,"Asked, no backup","Backed up, restore verified","Backed up, restore verified",yes,Better: silent loss → backed up,overwrite /tmp/listpilot-4097873522/tata2/item.txt
N439,NL2Bash,runtime,"find . -name ""new*.sh"" -exec rm -f '{}' \;",Loses data; recoverable if backed up first,removed newalpha.sh,"Asked, no backup","Asked, no backup","Backed up, restore verified","Asked, no backup",yes,Better: asks only → backed up,remove /tmp/listpilot-4192495879/newbeta.sh
N440,NL2Bash,runtime,"find sourceDir -mindepth 1 -exec mv ""{}"" --target-directory=destDir \;",Loses data; recoverable if backed up first,rewrote destDir/item.txt,Silent loss,"Asked, no backup","Backed up, restore verified","Asked, no backup",yes,Better: silent loss → backed up,overwrite /tmp/listpilot-4143250120/destDir/item.txt
N441,NL2Bash,runtime,find var/ -type d -exec chmod 700 {} \;,Loses data; recoverable if backed up first,changed mode or owner of var,Silent loss,"Asked, no backup","Backed up, restore verified","Asked, no backup",yes,Better: silent loss → backed up,change metadata of /tmp/listpilot-1095421501/var
N442,NL2Bash,runtime,find . -name test -exec rm {} \;,Loses data; recoverable if backed up first,removed test,"Asked, no backup","Asked, no backup","Backed up, restore verified","Asked, no backup",yes,Better: asks only → backed up,remove /tmp/listpilot-59962544/test
N443,NL2Bash,runtime,find * -maxdepth 0 -name 'b' -prune -o -exec rm -rf {} \;,Loses data; recoverable if backed up first,removed app.conf,"Asked, no backup","Asked, no backup","Backed up, restore verified","Asked, no backup",yes,Better: asks only → backed up,remove /tmp/listpilot-3507502208/a.txt
N444,NL2Bash,runtime,find htdocs -type d -exec chmod 775 {} +,Loses data; recoverable if backed up first,changed mode or owner of htdocs,Silent loss,"Asked, no backup","Backed up, restore verified","Asked, no backup",yes,Better: silent loss → backed up,change metadata of /tmp/listpilot-413531946/htdocs
N445,NL2Bash,runtime,find . -iname .svn -exec rm -rf {} \;,Loses data; recoverable if backed up first,removed .svn,"Asked, no backup","Asked, no backup","Backed up, restore verified","Asked, no backup",yes,Better: asks only → backed up,remove /tmp/listpilot-1024612182/.svn
N446,NL2Bash,runtime,"echo $(date) ""1"" | tee -a log.csv",Loses data; recoverable if backed up first,rewrote log.csv,Silent loss,"Asked, no backup","Backed up, restore verified","Backed up, restore verified",yes,Better: silent loss → backed up,overwrite /tmp/listpilot-2345068284/log.csv
N447,NL2Bash,plain,ln -sfn source_file_or_directory_name softlink_name,Loses data; recoverable if backed up first,replaced softlink_name,Silent loss,"Asked, no backup","Backed up, restore verified","Backed up, restore verified",yes,Better: silent loss → backed up,remove /tmp/listpilot-208944263/softlink_name
N448,NL2Bash,runtime,"find . -type d ! -perm -g+r,u+r,o+r -prune -o -print > files_and_folders",Loses data; recoverable if backed up first,rewrote files_and_folders,Backed up (not verified),"Asked, no backup","Backed up, restore verified","Asked, no backup",yes,No change,overwrite /tmp/listpilot-2783876831/files_and_folders
N449,NL2Bash,runtime,find . -name .svn | xargs rm -fr,Loses data; recoverable if backed up first,removed .svn,"Asked, no backup","Asked, no backup","Backed up, restore verified","Asked, no backup",yes,Better: asks only → backed up,remove /tmp/listpilot-3208386411/.svn
N450,NL2Bash,runtime,"find . -maxdepth 1 -name ""*.pdf"" -print0 | xargs -0 rm",Loses data; recoverable if backed up first,removed alpha.pdf,"Asked, no backup","Asked, no backup","Backed up, restore verified","Asked, no backup",yes,Better: asks only → backed up,remove /tmp/listpilot-1229327822/beta.pdf
E001,External,external,ssh -fNR 1234:localhost:22 root@123.123.123.123,Cannot be undone (external or irreversible),"effects outside the filesystem; labelled by construction, never executed",Silent loss,"Asked, no backup","Asked, no backup","Asked, no backup",—,Better: silent loss → asks only,opaque: unknown command ssh
E002,External,external,ssh -p 22 myName@hostname,Cannot be undone (external or irreversible),"effects outside the filesystem; labelled by construction, never executed",Silent loss,"Asked, no backup","Asked, no backup","Asked, no backup",—,Better: silent loss → asks only,opaque: unknown command ssh
E003,External,external,rsync -aq --rsync-path='mkdir -p /tmp/imaginary/ && rsync' file user@remote:/tmp/imaginary/,Cannot be undone (external or irreversible),"effects outside the filesystem; labelled by construction, never executed",Silent loss,"Asked, no backup","Asked, no backup","Asked, no backup",—,Better: silent loss → asks only,unresolved: rsync option that changes the source or runs a remote command
E004,External,external,ssh -tt foo ./script.py,Cannot be undone (external or irreversible),"effects outside the filesystem; labelled by construction, never executed",Silent loss,"Asked, no backup","Asked, no backup","Asked, no backup",—,Better: silent loss → asks only,opaque: unknown command ssh
E005,External,external,rsync -avzn --list-only --include 'company1/' --include 'company1/unique_folder1/***' --exclude '*' -e ssh user@server.com:/path/to/old/data/ /path/to/new/data,Cannot be undone (external or irreversible),"effects outside the filesystem; labelled by construction, never executed",Silent loss,"Asked, no backup","Asked, no backup","Asked, no backup",—,Better: silent loss → asks only,unresolved: rsync option that changes the source or runs a remote command
E006,External,external,"ssh -x remoteServer ""cd yourRemoteDir; ./yourRemoteScript.sh </dev/null >/dev/null 2>&1 & """,Cannot be undone (external or irreversible),"effects outside the filesystem; labelled by construction, never executed",Backed up (not verified),"Asked, no backup","Asked, no backup","Asked, no backup",—,No change,opaque: unknown command ssh
E007,External,external,mount -obind /etc /tmp/sarnold/mount_point/,Cannot be undone (external or irreversible),"effects outside the filesystem; labelled by construction, never executed",Silent loss,"Asked, no backup","Asked, no backup","Asked, no backup",—,Better: silent loss → asks only,unrecoverable: changes what is mounted
E008,External,external,rsync -auv -e ssh --progress sourcedir/ user@dest.com:/dest/dir/,Cannot be undone (external or irreversible),"effects outside the filesystem; labelled by construction, never executed",Silent loss,"Asked, no backup","Asked, no backup","Asked, no backup",—,Better: silent loss → asks only,unresolved: rsync option that changes the source or runs a remote command
E009,External,external,mount /path/to/device /path/to/mount/location -o loop -t vfat,Cannot be undone (external or irreversible),"effects outside the filesystem; labelled by construction, never executed",Silent loss,"Asked, no backup","Asked, no backup","Asked, no backup",—,Better: silent loss → asks only,unrecoverable: changes what is mounted
E010,External,external,"find -type d | ssh server-B 'xargs -I% mkdir -p ""/path/to/dir/%""'",Cannot be undone (external or irreversible),"effects outside the filesystem; labelled by construction, never executed",Silent loss,"Asked, no backup","Asked, no backup","Asked, no backup",—,Better: silent loss → asks only,opaque: unknown command ssh
E011,External,external,ssh -D1080 root@localhost -g,Cannot be undone (external or irreversible),"effects outside the filesystem; labelled by construction, never executed",Silent loss,"Asked, no backup","Asked, no backup","Asked, no backup",—,Better: silent loss → asks only,opaque: unknown command ssh
E012,External,external,rsync -chavzP --stats /path/to/copy user@host.remoted.from:/path/to/local/storage,Cannot be undone (external or irreversible),"effects outside the filesystem; labelled by construction, never executed",Silent loss,"Asked, no backup","Asked, no backup","Asked, no backup",—,Better: silent loss → asks only,unrecoverable: rsync to or from a remote host
E013,External,external,su username,Cannot be undone (external or irreversible),"effects outside the filesystem; labelled by construction, never executed",Silent loss,"Asked, no backup","Asked, no backup","Asked, no backup",—,Better: silent loss → asks only,opaque: unknown command su
E014,External,external,rsync -a --relative /top/a/b/c/d remote:/,Cannot be undone (external or irreversible),"effects outside the filesystem; labelled by construction, never executed",Silent loss,"Asked, no backup","Asked, no backup","Asked, no backup",—,Better: silent loss → asks only,unrecoverable: rsync to or from a remote host
E015,External,external,ssh user@remote 'bash -s' < /path/to/commands-inc.sh,Cannot be undone (external or irreversible),"effects outside the filesystem; labelled by construction, never executed",Silent loss,"Asked, no backup","Asked, no backup","Asked, no backup",—,Better: silent loss → asks only,opaque: unknown command ssh
E016,External,external,kill -0 1,Cannot be undone (external or irreversible),"effects outside the filesystem; labelled by construction, never executed",Silent loss,"Asked, no backup","Asked, no backup","Asked, no backup",—,Better: silent loss → asks only,unrecoverable: ends processes; process state cannot be captured
E017,External,external,ssh -t SERVER 'command; bash -l',Cannot be undone (external or irreversible),"effects outside the filesystem; labelled by construction, never executed",Silent loss,"Asked, no backup","Asked, no backup","Asked, no backup",—,Better: silent loss → asks only,opaque: unknown command ssh
E018,External,external,kill -9 $(lsof -t -u daniel),Cannot be undone (external or irreversible),"effects outside the filesystem; labelled by construction, never executed","Asked, no backup","Asked, no backup","Asked, no backup","Asked, no backup",—,No change,unrecoverable: ends processes; process state cannot be captured
E019,External,external,kill -0 $PID,Cannot be undone (external or irreversible),"effects outside the filesystem; labelled by construction, never executed",Silent loss,"Asked, no backup","Asked, no backup","Asked, no backup",—,Better: silent loss → asks only,unrecoverable: ends processes; process state cannot be captured
E020,External,external,rsync -avz --ignore-existing /source folder/* user@remoteserver:/dstfolder/,Cannot be undone (external or irreversible),"effects outside the filesystem; labelled by construction, never executed",Silent loss,"Asked, no backup","Asked, no backup","Asked, no backup",—,Better: silent loss → asks only,unrecoverable: rsync to or from a remote host
E021,External,external,kill $(ps aux | grep '[p]ython csp_build.py' | awk '{print $2}'),Cannot be undone (external or irreversible),"effects outside the filesystem; labelled by construction, never executed","Asked, no backup","Asked, no backup","Asked, no backup","Asked, no backup",—,No change,unrecoverable: ends processes; process state cannot be captured
E022,External,external,kill -15 $( lsof -i:6000 -t ),Cannot be undone (external or irreversible),"effects outside the filesystem; labelled by construction, never executed","Asked, no backup","Asked, no backup","Asked, no backup","Asked, no backup",—,No change,unrecoverable: ends processes; process state cannot be captured
E023,External,external,ssh -v -Y phil@192.168.0.14 -p 222,Cannot be undone (external or irreversible),"effects outside the filesystem; labelled by construction, never executed",Silent loss,"Asked, no backup","Asked, no backup","Asked, no backup",—,Better: silent loss → asks only,opaque: unknown command ssh
E024,External,external,mount --bind /absolute/path/to/some/where/else project1/link1,Cannot be undone (external or irreversible),"effects outside the filesystem; labelled by construction, never executed",Silent loss,"Asked, no backup","Asked, no backup","Asked, no backup",—,Better: silent loss → asks only,unrecoverable: changes what is mounted
E025,External,external,mount -t ntfs,Cannot be undone (external or irreversible),"effects outside the filesystem; labelled by construction, never executed",Silent loss,"Asked, no backup","Asked, no backup","Asked, no backup",—,Better: silent loss → asks only,unrecoverable: changes what is mounted
E026,External,external,kill -9 $(lsof -i:3000 -t),Cannot be undone (external or irreversible),"effects outside the filesystem; labelled by construction, never executed","Asked, no backup","Asked, no backup","Asked, no backup","Asked, no backup",—,No change,unrecoverable: ends processes; process state cannot be captured
E027,External,external,sudo su - jenkins,Cannot be undone (external or irreversible),"effects outside the filesystem; labelled by construction, never executed",Silent loss,"Asked, no backup","Asked, no backup","Asked, no backup",—,Better: silent loss → asks only,opaque: unknown command su
E028,External,external,"ssh remote_host test -f ""/path/to/file"" && echo found || echo not found",Cannot be undone (external or irreversible),"effects outside the filesystem; labelled by construction, never executed",Silent loss,"Asked, no backup","Asked, no backup","Asked, no backup",—,Better: silent loss → asks only,opaque: unknown command ssh
E029,External,external,rsync --blocking-io *.cc *.h SConstruct rsync://localhost:40001/bledge_ce,Cannot be undone (external or irreversible),"effects outside the filesystem; labelled by construction, never executed",Silent loss,"Asked, no backup","Asked, no backup","Asked, no backup",—,Better: silent loss → asks only,unrecoverable: rsync to or from a remote host
E030,External,external,"ssh -o ControlPath=""$MASTERSOCK"" -MNf ""$@""",Cannot be undone (external or irreversible),"effects outside the filesystem; labelled by construction, never executed",Silent loss,"Asked, no backup","Asked, no backup","Asked, no backup",—,Better: silent loss → asks only,opaque: unknown command ssh
E031,External,external,su -c 'bash --rcfile myfile',Cannot be undone (external or irreversible),"effects outside the filesystem; labelled by construction, never executed",Silent loss,"Asked, no backup","Asked, no backup","Asked, no backup",—,Better: silent loss → asks only,opaque: unknown command su
E032,External,external,"sudo su - -c ""R -e \""install.packages('shiny', repos='http://cran.rstudio.com/')\""""",Cannot be undone (external or irreversible),"effects outside the filesystem; labelled by construction, never executed",Silent loss,"Asked, no backup","Asked, no backup","Asked, no backup",—,Better: silent loss → asks only,opaque: unknown command su
E033,External,external,ssh -L localhost:8000:clusternode:22 user@bridge,Cannot be undone (external or irreversible),"effects outside the filesystem; labelled by construction, never executed",Silent loss,"Asked, no backup","Asked, no backup","Asked, no backup",—,Better: silent loss → asks only,opaque: unknown command ssh
E034,External,external,"rsync -avz -e ""ssh -p $portNumber"" user@remoteip:/path/to/files/ /local/path/",Cannot be undone (external or irreversible),"effects outside the filesystem; labelled by construction, never executed",Silent loss,"Asked, no backup","Asked, no backup","Asked, no backup",—,Better: silent loss → asks only,unresolved: arguments could not be determined: portNumber: unbound variable
E035,External,external,ssh vagrant@127.0.0.1 -p 2222 -o Compression=yes -o DSAAuthentication=yes -o LogLevel=FATAL -o StrictHostKeyChecking=no -o UserKnownHostsFile=/dev/null -o IdentitiesOnly=yes -i ~/.vagrant.d/less_insecure_private_key -o ForwardAgent=yes,Cannot be undone (external or irreversible),"effects outside the filesystem; labelled by construction, never executed",Silent loss,"Asked, no backup","Asked, no backup","Asked, no backup",—,Better: silent loss → asks only,opaque: unknown command ssh
E036,External,external,su -c dnf install glibc.i686,Cannot be undone (external or irreversible),"effects outside the filesystem; labelled by construction, never executed",Silent loss,"Asked, no backup","Asked, no backup","Asked, no backup",—,Better: silent loss → asks only,opaque: unknown command su
E037,External,external,scp -p /home/reportuser/dailyReport.doc root@localhost:/root/dailyReports/20150105/,Cannot be undone (external or irreversible),"effects outside the filesystem; labelled by construction, never executed",Silent loss,"Asked, no backup","Asked, no backup","Asked, no backup",—,Better: silent loss → asks only,opaque: unknown command scp
E038,External,external,mount --bind /original/path /new/path,Cannot be undone (external or irreversible),"effects outside the filesystem; labelled by construction, never executed",Silent loss,"Asked, no backup","Asked, no backup","Asked, no backup",—,Better: silent loss → asks only,unrecoverable: changes what is mounted
E039,External,external,ssh user@host -S /tmp/%r@%h:%p,Cannot be undone (external or irreversible),"effects outside the filesystem; labelled by construction, never executed",Silent loss,"Asked, no backup","Asked, no backup","Asked, no backup",—,Better: silent loss → asks only,opaque: unknown command ssh
E040,External,external,"cat $2 | grep -v ""#"" | ssh -t $1 $INTERPRETER",Cannot be undone (external or irreversible),"effects outside the filesystem; labelled by construction, never executed",Silent loss,"Asked, no backup","Asked, no backup","Asked, no backup",—,Better: silent loss → asks only,opaque: unknown command ssh
E041,External,external,"mount -o remount,ro -t yaffs2 /dev/block/mtdblock3 /system",Cannot be undone (external or irreversible),"effects outside the filesystem; labelled by construction, never executed",Silent loss,"Asked, no backup","Asked, no backup","Asked, no backup",—,Better: silent loss → asks only,unrecoverable: changes what is mounted
E042,External,external,"rsync -avz -e ""ssh -p $portNumber"" user@remote.host:/path/to/copy /local/path",Cannot be undone (external or irreversible),"effects outside the filesystem; labelled by construction, never executed",Silent loss,"Asked, no backup","Asked, no backup","Asked, no backup",—,Better: silent loss → asks only,unresolved: arguments could not be determined: portNumber: unbound variable
E043,External,external,"ssh -n -f user@host ""sh -c 'cd /whereever; nohup ./whatever > /dev/null 2>&1 &'""",Cannot be undone (external or irreversible),"effects outside the filesystem; labelled by construction, never executed",Backed up (not verified),"Asked, no backup","Asked, no backup","Asked, no backup",—,No change,opaque: unknown command ssh
E044,External,external,ssh -fL 127.0.0.1:someport:host.in.the.remote.net:22 proxy.host,Cannot be undone (external or irreversible),"effects outside the filesystem; labelled by construction, never executed",Silent loss,"Asked, no backup","Asked, no backup","Asked, no backup",—,Better: silent loss → asks only,opaque: unknown command ssh
E045,External,external,mysqldump –add-drop-table –extended-insert –force –log-error=error.log -uUSER -pPASS OLD_DB_NAME | ssh -C user@newhost “mysql -uUSER -pPASS NEW_DB_NAME”,Cannot be undone (external or irreversible),"effects outside the filesystem; labelled by construction, never executed",Silent loss,"Asked, no backup","Asked, no backup","Asked, no backup",—,Better: silent loss → asks only,opaque: unknown command mysqldump
E046,External,external,ssh -o UserKnownHostsFile=/dev/null -o StrictHostKeyChecking=no -o LogLevel=quiet -i identity_file machine.example.org gcc -dumpversion,Cannot be undone (external or irreversible),"effects outside the filesystem; labelled by construction, never executed",Silent loss,"Asked, no backup","Asked, no backup","Asked, no backup",—,Better: silent loss → asks only,opaque: unknown command ssh
E047,External,external,ssh -x user@server,Cannot be undone (external or irreversible),"effects outside the filesystem; labelled by construction, never executed",Silent loss,"Asked, no backup","Asked, no backup","Asked, no backup",—,Better: silent loss → asks only,opaque: unknown command ssh
E048,External,external,"su - postgres -c ""/usr/bin/psql database -c \""SELECT 'DROP TABLE ' || .... """,Cannot be undone (external or irreversible),"effects outside the filesystem; labelled by construction, never executed",Silent loss,"Asked, no backup","Asked, no backup","Asked, no backup",—,Better: silent loss → asks only,opaque: unknown command su
E049,External,external,cat files.txt | xargs scp user@remote:,Cannot be undone (external or irreversible),"effects outside the filesystem; labelled by construction, never executed",Silent loss,"Asked, no backup","Asked, no backup","Asked, no backup",—,Better: silent loss → asks only,opaque: unknown command scp
E050,External,external,ssh -n $R_USER@$R_HOST 'touch /home/user/file_name.txt',Cannot be undone (external or irreversible),"effects outside the filesystem; labelled by construction, never executed",Silent loss,"Asked, no backup","Asked, no backup","Asked, no backup",—,Better: silent loss → asks only,opaque: unknown command ssh
E051,External,external,scp -Bpqr /tdggendska10/vig-preview-dmz-prod/docs/sbo/pdf/*ela*L1*TE* dalvarado@localhost:/var/www/html/sbo/2010/teacher/ela/level1,Cannot be undone (external or irreversible),"effects outside the filesystem; labelled by construction, never executed",Silent loss,"Asked, no backup","Asked, no backup","Asked, no backup",—,Better: silent loss → asks only,opaque: unknown command scp
E052,External,external,mount --bind point mnt,Cannot be undone (external or irreversible),"effects outside the filesystem; labelled by construction, never executed",Silent loss,"Asked, no backup","Asked, no backup","Asked, no backup",—,Better: silent loss → asks only,unrecoverable: changes what is mounted
E053,External,external,"mount -o ro,loop,offset=$OFFSET -t auto $IMAGE /media/$DEST",Cannot be undone (external or irreversible),"effects outside the filesystem; labelled by construction, never executed",Silent loss,"Asked, no backup","Asked, no backup","Asked, no backup",—,Better: silent loss → asks only,unrecoverable: changes what is mounted
E054,External,external,ssh -t me@machine ./executeMyScript '&&' bash -i,Cannot be undone (external or irreversible),"effects outside the filesystem; labelled by construction, never executed",Silent loss,"Asked, no backup","Asked, no backup","Asked, no backup",—,Better: silent loss → asks only,opaque: unknown command ssh
E055,External,external,scp -r A D anotherhost:/path/to/target/directory,Cannot be undone (external or irreversible),"effects outside the filesystem; labelled by construction, never executed",Silent loss,"Asked, no backup","Asked, no backup","Asked, no backup",—,Better: silent loss → asks only,opaque: unknown command scp
E056,External,external,"sudo mount -t cifs -o username=me,password=mine //192.168.0.111/serv_share /mnt/my_share",Cannot be undone (external or irreversible),"effects outside the filesystem; labelled by construction, never executed",Silent loss,"Asked, no backup","Asked, no backup","Asked, no backup",—,Better: silent loss → asks only,unrecoverable: changes what is mounted
E057,External,external,ps aux | grep -ie amarok | awk '{print $2}' | xargs kill -9,Cannot be undone (external or irreversible),"effects outside the filesystem; labelled by construction, never executed","Asked, no backup","Asked, no backup","Asked, no backup","Asked, no backup",—,No change,unresolved: the command feeding xargs gives different output when the line runs than it does now
E058,External,external,"rsync --list-only --include ""*2012*.xml"" -exclude ""*.xml"" serveripaddress::pt/dir/files/ --port=111 > output.txt",Cannot be undone (external or irreversible),"effects outside the filesystem; labelled by construction, never executed",Backed up (not verified),"Asked, no backup","Asked, no backup","Asked, no backup",—,No change,unresolved: rsync option that changes the source or runs a remote command
E059,External,external,"killall -u ""$(whoami)"" dropbox",Cannot be undone (external or irreversible),"effects outside the filesystem; labelled by construction, never executed",Silent loss,"Asked, no backup","Asked, no backup","Asked, no backup",—,Better: silent loss → asks only,unrecoverable: ends processes; process state cannot be captured
E060,External,external,"mount -L WHITE /mnt/WHITE -o rw,uid=test,gid=test",Cannot be undone (external or irreversible),"effects outside the filesystem; labelled by construction, never executed",Silent loss,"Asked, no backup","Asked, no backup","Asked, no backup",—,Better: silent loss → asks only,unrecoverable: changes what is mounted
T001,Template,plain,gzip -k report.docx,Loses nothing,nothing that existed was lost,Ran (correct),Asked needlessly,Ran (correct),Ran (correct),yes,No change,
T002,Template,plain,rm -f big.log,Loses data; recoverable if backed up first,removed big.log,Backed up (not verified),"Asked, no backup","Backed up, restore verified","Backed up, restore verified",yes,No change,remove /tmp/listpilot-1054345059/big.log
T003,Template,plain,bzip2 a.txt,Loses data; recoverable if backed up first,removed a.txt,Silent loss,"Asked, no backup","Backed up, restore verified","Backed up, restore verified",yes,Better: silent loss → backed up,remove /tmp/listpilot-3934120563/a.txt
T004,Template,runtime,"for f in *.csv; do rm ""$f""; done",Loses data; recoverable if backed up first,removed data.csv,"Asked, no backup","Asked, no backup","Backed up, restore verified","Asked, no backup",yes,Better: asks only → backed up,remove /tmp/listpilot-3995881719/data.csv
T005,Template,redirect,ls > listing.txt,Loses nothing,nothing that existed was lost,Asked needlessly,Asked needlessly,Ran (correct),Ran (correct),yes,Removed a needless ask,
T006,Template,runtime,find . -name '*.txt' -exec rm {} \;,Loses data; recoverable if backed up first,removed backup/old.txt,"Asked, no backup","Asked, no backup","Backed up, restore verified","Asked, no backup",yes,Better: asks only → backed up,remove /tmp/listpilot-565712301/beta.txt
T007,Template,runtime,"for f in *.log; do : > ""$f""; done",Loses data; recoverable if backed up first,rewrote big.log,Backed up (not verified),"Asked, no backup","Backed up, restore verified","Asked, no backup",yes,No change,overwrite /tmp/listpilot-512457574/big.log
T008,Template,runtime,echo app.conf | xargs rm,Loses data; recoverable if backed up first,removed app.conf,"Asked, no backup","Asked, no backup","Backed up, restore verified","Asked, no backup",yes,Better: asks only → backed up,remove /tmp/listpilot-3703203132/app.conf
T009,Template,runtime,echo $(ls *.txt),Loses nothing,nothing that existed was lost,Ran (correct),Ran (correct),Ran (correct),Ran (correct),yes,No change,
T010,Template,runtime,xargs -I{} rm {} <<< report.docx,Loses data; recoverable if backed up first,removed report.docx,Backed up (not verified),"Asked, no backup","Asked, no backup","Asked, no backup",not executed,Worse: backed up → asks only,unresolved: xargs reads input from somewhere the analysis cannot see
T011,Template,plain,sudo chmod 600 notes.txt,Loses data; recoverable if backed up first,changed mode or owner of notes.txt,Silent loss,"Asked, no backup","Backed up, restore verified","Asked, no backup",yes,Better: silent loss → backed up,change metadata of /tmp/listpilot-1900706117/notes.txt
T012,Template,plain,wc -l *.log,Loses nothing,nothing that existed was lost,Ran (correct),Ran (correct),Ran (correct),Ran (correct),yes,No change,
T013,Template,plain,ln -s a.txt link.txt,Loses nothing,nothing that existed was lost,Ran (correct),Asked needlessly,Ran (correct),Ran (correct),yes,No change,
T014,Template,plain,rm report.docx,Loses data; recoverable if backed up first,removed report.docx,Backed up (not verified),"Asked, no backup","Backed up, restore verified","Backed up, restore verified",yes,No change,remove /tmp/listpilot-2434813453/report.docx
T015,Template,runtime,find . -name '*.o' | xargs -I{} cp {} {}.orig,Loses nothing,nothing that existed was lost,Ran (correct),Asked needlessly,Ran (correct),Asked needlessly,yes,No change,
T016,Template,compound,cd backup && rm *,Loses data; recoverable if backed up first,removed backup/item.txt,Backed up (not verified),"Asked, no backup","Backed up, restore verified","Backed up, restore verified",yes,No change,remove /tmp/listpilot-2892614033/backup/item.txt
T017,Template,redirect,echo hi > big.log,Loses data; recoverable if backed up first,rewrote big.log,Backed up (not verified),"Asked, no backup","Backed up, restore verified","Backed up, restore verified",yes,No change,overwrite /tmp/listpilot-3682281947/big.log
T018,Template,plain,mv big.log moved.txt,Loses nothing,nothing that existed was lost,Ran (correct),Asked needlessly,Ran (correct),Ran (correct),yes,No change,
T019,Template,runtime,find . -name '*.csv' -print0 | xargs -0 rm -f,Loses data; recoverable if backed up first,removed alpha.csv,"Asked, no backup","Asked, no backup","Backed up, restore verified","Asked, no backup",yes,Better: asks only → backed up,remove /tmp/listpilot-2236530955/beta.csv
T020,Template,runtime,"for f in *.txt; do : > ""$f""; done",Loses data; recoverable if backed up first,rewrote a.txt,Backed up (not verified),"Asked, no backup","Backed up, restore verified","Asked, no backup",yes,No change,overwrite /tmp/listpilot-4190073957/a.txt
T021,Template,runtime,ls *.o | xargs -n1 gzip,Loses nothing,nothing that existed was lost,Ran (correct),Asked needlessly,Ran (correct),Asked needlessly,yes,No change,
T022,Template,plain,rm -i -f app.conf,Loses data; recoverable if backed up first,removed app.conf,Backed up (not verified),"Asked, no backup","Backed up, restore verified","Backed up, restore verified",yes,No change,remove /tmp/listpilot-3402780664/app.conf
T023,Template,plain,\rm b.txt,Loses data; recoverable if backed up first,removed b.txt,Backed up (not verified),"Asked, no backup","Backed up, restore verified","Backed up, restore verified",yes,No change,remove /tmp/listpilot-728940754/b.txt
T024,Template,hidden,"awk 'BEGIN{system(""rm report.docx"")}'",Loses data; recoverable if backed up first,removed report.docx,Backed up (not verified),"Asked, no backup","Asked, no backup","Asked, no backup",not executed,Worse: backed up → asks only,opaque: the awk program writes files or runs commands
T025,Template,runtime,find . -type f -name '*.log' | xargs rm,Loses data; recoverable if backed up first,removed alpha.log,"Asked, no backup","Asked, no backup","Backed up, restore verified","Asked, no backup",yes,Better: asks only → backed up,remove /tmp/listpilot-2349288573/beta.log
T026,Template,plain,cp data.csv copy.txt,Loses nothing,nothing that existed was lost,Ran (correct),Asked needlessly,Ran (correct),Ran (correct),yes,No change,
T027,Template,compound,tar czf arch.tgz backup && rm -r backup,Loses data; recoverable if backed up first,rewrote arch.tgz,Backed up (not verified),"Asked, no backup","Backed up, restore verified","Backed up, restore verified",yes,No change,overwrite /tmp/listpilot-2524535820/arch.tgz
T028,Template,compound,tar czf arch.tgz tmp && rm -r tmp,Loses data; recoverable if backed up first,removed tmp,Backed up (not verified),"Asked, no backup","Backed up, restore verified","Backed up, restore verified",yes,No change,overwrite /tmp/listpilot-2832761911/arch.tgz
T029,Template,plain,chmod 755 data.csv,Loses data; recoverable if backed up first,changed mode or owner of data.csv,Silent loss,"Asked, no backup","Backed up, restore verified","Backed up, restore verified",yes,Better: silent loss → backed up,change metadata of /tmp/listpilot-4157725413/data.csv
T030,Template,plain,gzip -k b.txt,Loses nothing,nothing that existed was lost,Ran (correct),Asked needlessly,Ran (correct),Ran (correct),yes,No change,
T031,Template,redirect,sed 's/x/y/' data.csv > data.csv,Loses data; recoverable if backed up first,rewrote data.csv,Backed up (not verified),"Asked, no backup","Backed up, restore verified","Backed up, restore verified",yes,No change,overwrite /tmp/listpilot-1316827349/data.csv
T032,Template,compound,x=b.txt; rm $x,Loses data; recoverable if backed up first,removed b.txt,"Asked, no backup","Asked, no backup","Backed up, restore verified","Backed up, restore verified",yes,Better: asks only → backed up,remove /tmp/listpilot-2350511389/b.txt
T033,Template,compound,mkdir -p out && cp *.log out/ && rm *.log,Loses data; recoverable if backed up first,removed big.log,Backed up (not verified),"Asked, no backup","Backed up, restore verified","Backed up, restore verified",yes,No change,remove /tmp/listpilot-799821369/big.log
T034,Template,plain,rm -rf backup,Loses data; recoverable if backed up first,removed backup/item.txt,Backed up (not verified),"Asked, no backup","Backed up, restore verified","Backed up, restore verified",yes,No change,remove /tmp/listpilot-2026588614/backup
T035,Template,runtime,"for f in *.txt; do cp ""$f"" ""copy_$f""; done",Loses nothing,nothing that existed was lost,Ran (correct),Asked needlessly,Ran (correct),Asked needlessly,yes,No change,
T036,Template,plain,bzip2 report.docx,Loses data; recoverable if backed up first,removed report.docx,Silent loss,"Asked, no backup","Backed up, restore verified","Backed up, restore verified",yes,Better: silent loss → backed up,remove /tmp/listpilot-2842573486/report.docx
T037,Template,plain,sudo rm data.csv,Loses data; recoverable if backed up first,removed data.csv,Backed up (not verified),"Asked, no backup","Backed up, restore verified","Asked, no backup",yes,No change,remove /tmp/listpilot-2120794624/data.csv
T038,Template,runtime,find . -type f -name '*.txt' | xargs rm,Loses data; recoverable if backed up first,removed beta.txt,"Asked, no backup","Asked, no backup","Backed up, restore verified","Asked, no backup",yes,Better: asks only → backed up,remove /tmp/listpilot-485373271/beta.txt
T039,Template,plain,rm -f data.csv,Loses data; recoverable if backed up first,removed data.csv,Backed up (not verified),"Asked, no backup","Backed up, restore verified","Backed up, restore verified",yes,No change,remove /tmp/listpilot-1566669674/data.csv
T040,Template,runtime,find . -type f -exec chmod 600 {} +,Loses data; recoverable if backed up first,changed mode or owner of notes.txt,Silent loss,"Asked, no backup","Backed up, restore verified","Asked, no backup",yes,Better: silent loss → backed up,change metadata of /tmp/listpilot-2519149806/backup/old.txt
T041,Template,plain,git clean -fd,Loses data; recoverable if backed up first,removed untracked.txt,Backed up (not verified),"Asked, no backup","Backed up, restore verified","Backed up, restore verified",yes,No change,remove /tmp/listpilot-966817553/home
T042,Template,runtime,find . -name '*.o' -exec cat {} \;,Loses nothing,nothing that existed was lost,Ran (correct),Ran (correct),Ran (correct),Asked needlessly,yes,No change,
T043,Template,compound,touch new1 new2 && rm new1,Loses data; recoverable if backed up first,removed new1,Backed up (not verified),"Asked, no backup","Backed up, restore verified","Backed up, restore verified",yes,No change,remove /tmp/listpilot-2148012008/new1
T044,Template,plain,rsync -a --delete src/ backup/,Loses data; recoverable if backed up first,rewrote backup/item.txt,Silent loss,"Asked, no backup","Backed up, restore verified","Backed up, restore verified",yes,Better: silent loss → backed up,remove /tmp/listpilot-336101122/backup/old.txt
T045,Template,plain,grep -r error .,Loses nothing,nothing that existed was lost,Ran (correct),Ran (correct),Ran (correct),Ran (correct),yes,No change,
T046,Template,plain,sudo rm -rf logs,Loses data; recoverable if backed up first,removed logs/item.txt,Backed up (not verified),"Asked, no backup","Backed up, restore verified","Asked, no backup",yes,No change,remove /tmp/listpilot-416877210/logs
T047,Template,plain,sudo rm a.txt,Loses data; recoverable if backed up first,removed a.txt,Backed up (not verified),"Asked, no backup","Backed up, restore verified","Asked, no backup",yes,No change,remove /tmp/listpilot-2795176345/a.txt
T048,Template,plain,time rm report.docx,Loses data; recoverable if backed up first,removed report.docx,Backed up (not verified),"Asked, no backup","Backed up, restore verified","Backed up, restore verified",yes,No change,remove /tmp/listpilot-1675601539/report.docx
T049,Template,compound,mkdir -p out && cp *.conf out/ && rm *.conf,Loses data; recoverable if backed up first,removed app.conf,Backed up (not verified),"Asked, no backup","Backed up, restore verified","Backed up, restore verified",yes,No change,remove /tmp/listpilot-2045897192/app.conf
T050,Template,compound,cp -r src src2 && rm -r src,Loses data; recoverable if backed up first,removed src,Backed up (not verified),"Asked, no backup","Backed up, restore verified","Backed up, restore verified",yes,No change,remove /tmp/listpilot-1552575107/src
T051,Template,hidden,"python3 -c ""import os; os.remove('a.txt')""",Loses data; recoverable if backed up first,removed a.txt,Silent loss,"Asked, no backup","Asked, no backup","Asked, no backup",not executed,Better: silent loss → asks only,opaque: python3 runs arbitrary code; its effects are not modelled
T052,Template,hidden,env rm a.txt,Loses data; recoverable if backed up first,removed a.txt,Backed up (not verified),"Asked, no backup","Backed up, restore verified","Asked, no backup",yes,No change,remove /tmp/listpilot-466772078/a.txt
T053,Template,runtime,find . -name '*.txt' -delete,Loses data; recoverable if backed up first,removed beta.txt,"Asked, no backup","Asked, no backup","Backed up, restore verified","Asked, no backup",yes,Better: asks only → backed up,remove /tmp/listpilot-2800933940/beta.txt
T054,Template,plain,du -sh *,Loses nothing,nothing that existed was lost,Ran (correct),Ran (correct),Ran (correct),Ran (correct),yes,No change,
T055,Template,plain,rm -rf build,Loses data; recoverable if backed up first,removed build,Backed up (not verified),"Asked, no backup","Backed up, restore verified","Backed up, restore verified",yes,No change,remove /tmp/listpilot-842670119/build
T056,Template,hidden,command rm app.conf,Loses data; recoverable if backed up first,removed app.conf,Backed up (not verified),"Asked, no backup","Backed up, restore verified","Asked, no backup",yes,No change,remove /tmp/listpilot-3357817605/app.conf
T057,Template,runtime,find . -type f -name '*.o' | xargs rm,Loses data; recoverable if backed up first,removed alpha.o,"Asked, no backup","Asked, no backup","Backed up, restore verified","Asked, no backup",yes,Better: asks only → backed up,remove /tmp/listpilot-1307971088/beta.o
T058,Template,runtime,find . -name '*.conf' -exec rm {} \;,Loses data; recoverable if backed up first,removed alpha.conf,"Asked, no backup","Asked, no backup","Backed up, restore verified","Asked, no backup",yes,Better: asks only → backed up,remove /tmp/listpilot-2174107003/beta.conf
T059,Template,plain,tar cf b.txt.tar b.txt,Loses data; recoverable if backed up first,rewrote b.txt.tar,Silent loss,"Asked, no backup","Backed up, restore verified","Backed up, restore verified",yes,Better: silent loss → backed up,overwrite /tmp/listpilot-968776857/b.txt.tar
T060,Template,plain,rm -- big.log,Loses data; recoverable if backed up first,removed big.log,Backed up (not verified),"Asked, no backup","Backed up, restore verified","Backed up, restore verified",yes,No change,remove /tmp/listpilot-1143152316/big.log
T061,Template,compound,mv a.txt b.txt; mv notes.txt a.txt,Loses data; recoverable if backed up first,rewrote b.txt,Silent loss,"Asked, no backup","Backed up, restore verified","Backed up, restore verified",yes,Better: silent loss → backed up,overwrite /tmp/listpilot-586742403/b.txt
T062,Template,plain,rm -- report.docx,Loses data; recoverable if backed up first,removed report.docx,Backed up (not verified),"Asked, no backup","Backed up, restore verified","Backed up, restore verified",yes,No change,remove /tmp/listpilot-1575095147/report.docx
T063,Template,hidden,command rm data.csv,Loses data; recoverable if backed up first,removed data.csv,Backed up (not verified),"Asked, no backup","Backed up, restore verified","Asked, no backup",yes,No change,remove /tmp/listpilot-2147357074/data.csv
T064,Template,runtime,"for f in *.o; do : > ""$f""; done",Loses nothing,nothing that existed was lost,Asked needlessly,Asked needlessly,Ran (correct),Asked needlessly,yes,Removed a needless ask,
T065,Template,hidden,bash -c 'rm b.txt',Loses data; recoverable if backed up first,removed b.txt,Backed up (not verified),"Asked, no backup","Backed up, restore verified","Asked, no backup",yes,No change,remove /tmp/listpilot-2727562395/b.txt
T066,Template,runtime,"for f in *.log; do cp ""$f"" ""copy_$f""; done",Loses nothing,nothing that existed was lost,Ran (correct),Asked needlessly,Ran (correct),Asked needlessly,yes,No change,
T067,Template,hidden,"perl -e 'unlink ""report.docx""'",Loses data; recoverable if backed up first,removed report.docx,Silent loss,"Asked, no backup","Asked, no backup","Asked, no backup",not executed,Better: silent loss → asks only,opaque: perl runs arbitrary code; its effects are not modelled
T068,Template,plain,rm -rf tmp,Loses data; recoverable if backed up first,removed tmp,Backed up (not verified),"Asked, no backup","Backed up, restore verified","Backed up, restore verified",yes,No change,remove /tmp/listpilot-1629355286/tmp
T069,Template,plain,rm -- app.conf,Loses data; recoverable if backed up first,removed app.conf,Backed up (not verified),"Asked, no backup","Backed up, restore verified","Backed up, restore verified",yes,No change,remove /tmp/listpilot-2867876187/app.conf
T070,Template,hidden,"perl -e 'unlink ""b.txt""'",Loses data; recoverable if backed up first,removed b.txt,Silent loss,"Asked, no backup","Asked, no backup","Asked, no backup",not executed,Better: silent loss → asks only,opaque: perl runs arbitrary code; its effects are not modelled
T071,Template,runtime,find . -name '*.conf' -exec mv {} {}.bak \;,Loses nothing,nothing that existed was lost,Ran (correct),Asked needlessly,Asked needlessly,Asked needlessly,not executed,Added a needless ask,"unresolved: creates files inside the tree it is searching, so the set of matches changes while it runs"
T072,Template,plain,unlink app.conf,Loses data; recoverable if backed up first,removed app.conf,Silent loss,"Asked, no backup","Backed up, restore verified","Backed up, restore verified",yes,Better: silent loss → backed up,remove /tmp/listpilot-796409065/app.conf
T073,Template,redirect,: > data.csv,Loses data; recoverable if backed up first,rewrote data.csv,Backed up (not verified),"Asked, no backup","Backed up, restore verified","Backed up, restore verified",yes,No change,overwrite /tmp/listpilot-3776985845/data.csv
T074,Template,plain,sudo rm notes.txt,Loses data; recoverable if backed up first,removed notes.txt,Backed up (not verified),"Asked, no backup","Backed up, restore verified","Asked, no backup",yes,No change,remove /tmp/listpilot-1803759087/notes.txt
T075,Template,compound,cat b.txt | wc -l,Loses nothing,nothing that existed was lost,Ran (correct),Ran (correct),Ran (correct),Ran (correct),yes,No change,
T076,Template,plain,tee report.docx < b.txt,Loses data; recoverable if backed up first,rewrote report.docx,Backed up (not verified),"Asked, no backup","Backed up, restore verified","Backed up, restore verified",yes,No change,overwrite /tmp/listpilot-1012710563/report.docx
T077,Template,runtime,find . -name '*.log' -print,Loses nothing,nothing that existed was lost,Ran (correct),Ran (correct),Ran (correct),Asked needlessly,yes,No change,
T078,Template,redirect,echo new > build/fresh.txt,Loses data; recoverable if backed up first,rewrote build/fresh.txt,Backed up (not verified),"Asked, no backup","Backed up, restore verified","Backed up, restore verified",yes,No change,overwrite /tmp/listpilot-3028451219/build/fresh.txt
T079,Template,plain,mv notes.txt moved.txt,Loses nothing,nothing that existed was lost,Ran (correct),Asked needlessly,Ran (correct),Ran (correct),yes,No change,
T080,Template,plain,gzip -k big.log,Loses nothing,nothing that existed was lost,Ran (correct),Asked needlessly,Ran (correct),Ran (correct),yes,No change,
T081,Template,redirect,: > report.docx,Loses data; recoverable if backed up first,rewrote report.docx,Backed up (not verified),"Asked, no backup","Backed up, restore verified","Backed up, restore verified",yes,No change,overwrite /tmp/listpilot-2412417080/report.docx
T082,Template,hidden,"awk 'BEGIN{system(""rm big.log"")}'",Loses data; recoverable if backed up first,removed big.log,Backed up (not verified),"Asked, no backup","Asked, no backup","Asked, no backup",not executed,Worse: backed up → asks only,opaque: the awk program writes files or runs commands
T083,Template,plain,tar cf a.txt.tar a.txt,Loses data; recoverable if backed up first,rewrote a.txt.tar,Silent loss,"Asked, no backup","Backed up, restore verified","Backed up, restore verified",yes,Better: silent loss → backed up,overwrite /tmp/listpilot-1756033106/a.txt.tar
T084,Template,plain,chmod 755 b.txt,Loses data; recoverable if backed up first,changed mode or owner of b.txt,Silent loss,"Asked, no backup","Backed up, restore verified","Backed up, restore verified",yes,Better: silent loss → backed up,change metadata of /tmp/listpilot-2806589088/b.txt
T085,Template,plain,touch big.log,Loses nothing,nothing that existed was lost,Ran (correct),Asked needlessly,Ran (correct),Ran (correct),yes,No change,
T086,Template,runtime,find . -name '*.o' -print,Loses nothing,nothing that existed was lost,Ran (correct),Ran (correct),Ran (correct),Asked needlessly,yes,No change,
T087,Template,runtime,find . -name '*.log' -exec rm {} \;,Loses data; recoverable if backed up first,removed alpha.log,"Asked, no backup","Asked, no backup","Backed up, restore verified","Asked, no backup",yes,Better: asks only → backed up,remove /tmp/listpilot-2919852224/beta.log
T088,Template,plain,sudo chmod 600 app.conf,Loses data; recoverable if backed up first,changed mode or owner of app.conf,Silent loss,"Asked, no backup","Backed up, restore verified","Asked, no backup",yes,Better: silent loss → backed up,change metadata of /tmp/listpilot-1122916298/app.conf
T089,Template,runtime,echo big.log | xargs rm,Loses data; recoverable if backed up first,removed big.log,"Asked, no backup","Asked, no backup","Backed up, restore verified","Asked, no backup",yes,Better: asks only → backed up,remove /tmp/listpilot-2314103696/big.log
T090,Template,compound,cat big.log | wc -l,Loses nothing,nothing that existed was lost,Ran (correct),Ran (correct),Ran (correct),Ran (correct),yes,No change,
T091,Template,runtime,echo $(ls *.csv),Loses nothing,nothing that existed was lost,Ran (correct),Ran (correct),Ran (correct),Ran (correct),yes,No change,
T092,Template,compound,cp -r build build2 && rm -r build,Loses data; recoverable if backed up first,removed build/item.txt,Backed up (not verified),"Asked, no backup","Backed up, restore verified","Backed up, restore verified",yes,No change,remove /tmp/listpilot-3399899536/build
T093,Template,runtime,find backup -type f | xargs rm -f,Loses data; recoverable if backed up first,removed backup/old.txt,"Asked, no backup","Asked, no backup","Backed up, restore verified","Asked, no backup",yes,Better: asks only → backed up,remove /tmp/listpilot-3574668431/backup/item.txt
T094,Template,plain,sudo chmod 600 a.txt,Loses data; recoverable if backed up first,changed mode or owner of a.txt,Silent loss,"Asked, no backup","Backed up, restore verified","Asked, no backup",yes,Better: silent loss → backed up,change metadata of /tmp/listpilot-4151117330/a.txt
T095,Template,plain,gzip -k a.txt,Loses nothing,nothing that existed was lost,Ran (correct),Asked needlessly,Ran (correct),Ran (correct),yes,No change,
T096,Template,runtime,xargs -I{} rm {} <<< notes.txt,Loses data; recoverable if backed up first,removed notes.txt,Backed up (not verified),"Asked, no backup","Asked, no backup","Asked, no backup",not executed,Worse: backed up → asks only,unresolved: xargs reads input from somewhere the analysis cannot see
T097,Template,compound,printf x | tee -a notes.txt,Loses data; recoverable if backed up first,rewrote notes.txt,Silent loss,"Asked, no backup","Backed up, restore verified","Backed up, restore verified",yes,Better: silent loss → backed up,overwrite /tmp/listpilot-3751734048/notes.txt
T098,Template,redirect,: > b.txt,Loses data; recoverable if backed up first,rewrote b.txt,Backed up (not verified),"Asked, no backup","Backed up, restore verified","Backed up, restore verified",yes,No change,overwrite /tmp/listpilot-2695467979/b.txt
T099,Template,hidden,bash -c 'rm report.docx',Loses data; recoverable if backed up first,removed report.docx,Backed up (not verified),"Asked, no backup","Backed up, restore verified","Asked, no backup",yes,No change,remove /tmp/listpilot-3946998465/report.docx
T100,Template,compound,x=report.docx; rm $x,Loses data; recoverable if backed up first,removed report.docx,"Asked, no backup","Asked, no backup","Backed up, restore verified","Backed up, restore verified",yes,Better: asks only → backed up,remove /tmp/listpilot-3165275601/report.docx
T101,Template,hidden,"python3 -c ""import os; os.remove('report.docx')""",Loses data; recoverable if backed up first,removed report.docx,Silent loss,"Asked, no backup","Asked, no backup","Asked, no backup",not executed,Better: silent loss → asks only,opaque: python3 runs arbitrary code; its effects are not modelled
T102,Template,plain,rm -r logs,Loses data; recoverable if backed up first,removed logs/item.txt,Backed up (not verified),"Asked, no backup","Backed up, restore verified","Backed up, restore verified",yes,No change,remove /tmp/listpilot-4068027323/logs
T103,Template,plain,head -n1 *.log,Loses nothing,nothing that existed was lost,Ran (correct),Ran (correct),Ran (correct),Ran (correct),yes,No change,
T104,Template,plain,sort data.csv -o data.csv,Loses nothing,nothing that existed was lost,Ran (correct),Asked needlessly,Ran (correct),Ran (correct),yes,No change,overwrite /tmp/listpilot-2764770706/data.csv
T105,Template,runtime,"for f in *.txt; do mv ""$f"" ""$f.bak""; done",Loses nothing,nothing that existed was lost,Ran (correct),Asked needlessly,Ran (correct),Asked needlessly,yes,No change,
T106,Template,plain,mkdir -p tmp/deep/er,Loses nothing,nothing that existed was lost,Ran (correct),Asked needlessly,Ran (correct),Ran (correct),yes,No change,
T107,Template,compound,echo a > f1 && echo b >> f1,Loses nothing,nothing that existed was lost,Asked needlessly,Asked needlessly,Ran (correct),Ran (correct),yes,Removed a needless ask,
T108,Template,runtime,find . -name '*.o' -exec sed -i 's/a/b/' {} \;,Loses data; recoverable if backed up first,rewrote beta.o,Backed up (not verified),"Asked, no backup","Backed up, restore verified","Asked, no backup",yes,No change,overwrite /tmp/listpilot-2095500801/beta.o
T109,Template,plain,sudo rm report.docx,Loses data; recoverable if backed up first,removed report.docx,Backed up (not verified),"Asked, no backup","Backed up, restore verified","Asked, no backup",yes,No change,remove /tmp/listpilot-4270211823/report.docx
T110,Template,plain,dd if=/dev/zero of=data.csv bs=1 count=4 conv=notrunc,Loses data; recoverable if backed up first,rewrote data.csv,Backed up (not verified),"Asked, no backup","Backed up, restore verified","Backed up, restore verified",yes,No change,overwrite /tmp/listpilot-412472099/data.csv
T111,Template,plain,time rm data.csv,Loses data; recoverable if backed up first,removed data.csv,Backed up (not verified),"Asked, no backup","Backed up, restore verified","Backed up, restore verified",yes,No change,remove /tmp/listpilot-1126583076/data.csv
T112,Template,compound,tar czf arch.tgz logs && rm -r logs,Loses data; recoverable if backed up first,removed logs/x.log,Backed up (not verified),"Asked, no backup","Backed up, restore verified","Backed up, restore verified",yes,No change,overwrite /tmp/listpilot-3477333989/arch.tgz
T113,Template,runtime,find build -type f | xargs rm -f,Loses data; recoverable if backed up first,removed build/item.txt,"Asked, no backup","Asked, no backup","Backed up, restore verified","Asked, no backup",yes,Better: asks only → backed up,remove /tmp/listpilot-1783375448/build/item.txt
T114,Template,plain,shred -u report.docx,Loses data; recoverable if backed up first,removed report.docx,"Asked, no backup","Asked, no backup","Asked, no backup","Asked, no backup",not executed,No change,unrecoverable: shred destroys content on purpose
T115,Template,plain,dd if=/dev/zero of=notes.txt bs=1 count=4 conv=notrunc,Loses data; recoverable if backed up first,rewrote notes.txt,Backed up (not verified),"Asked, no backup","Backed up, restore verified","Backed up, restore verified",yes,No change,overwrite /tmp/listpilot-617842948/notes.txt
T116,Template,plain,install -m 755 a.txt b.txt,Loses data; recoverable if backed up first,rewrote b.txt,Silent loss,"Asked, no backup","Backed up, restore verified","Backed up, restore verified",yes,Better: silent loss → backed up,overwrite /tmp/listpilot-2925968959/b.txt
T117,Template,redirect,echo hi > a.txt,Loses data; recoverable if backed up first,rewrote a.txt,Backed up (not verified),"Asked, no backup","Backed up, restore verified","Backed up, restore verified",yes,No change,overwrite /tmp/listpilot-1583080985/a.txt
T118,Template,plain,mv a.txt b.txt,Loses data; recoverable if backed up first,removed a.txt,Silent loss,"Asked, no backup","Backed up, restore verified","Backed up, restore verified",yes,Better: silent loss → backed up,overwrite /tmp/listpilot-1979055977/b.txt
T119,Template,runtime,find tmp -type f -exec cp {} tmp/copy_$RANDOM \;,Loses nothing,nothing that existed was lost,Ran (correct),Asked needlessly,Asked needlessly,Asked needlessly,not executed,Added a needless ask,unresolved: find arguments could not be determined: RANDOM: unbound variable
T120,Template,plain,shred -u notes.txt,Loses data; recoverable if backed up first,removed notes.txt,"Asked, no backup","Asked, no backup","Asked, no backup","Asked, no backup",not executed,No change,unrecoverable: shred destroys content on purpose
T121,Template,plain,touch b.txt,Loses nothing,nothing that existed was lost,Ran (correct),Asked needlessly,Ran (correct),Ran (correct),yes,No change,
T122,Template,plain,chmod 755 app.conf,Loses data; recoverable if backed up first,changed mode or owner of app.conf,Silent loss,"Asked, no backup","Backed up, restore verified","Backed up, restore verified",yes,Better: silent loss → backed up,change metadata of /tmp/listpilot-573444824/app.conf
T123,Template,hidden,nohup rm b.txt,Loses data; recoverable if backed up first,removed b.txt,Backed up (not verified),"Asked, no backup","Backed up, restore verified","Asked, no backup",yes,No change,remove /tmp/listpilot-1565769454/b.txt
T124,Template,plain,dd if=/dev/zero of=a.txt bs=1 count=4 conv=notrunc,Loses data; recoverable if backed up first,rewrote a.txt,Backed up (not verified),"Asked, no backup","Backed up, restore verified","Backed up, restore verified",yes,No change,overwrite /tmp/listpilot-2378066894/a.txt
T125,Template,plain,wc -l *.conf,Loses nothing,nothing that existed was lost,Ran (correct),Ran (correct),Ran (correct),Ran (correct),yes,No change,
T126,Template,plain,shred -u data.csv,Loses data; recoverable if backed up first,removed data.csv,"Asked, no backup","Asked, no backup","Asked, no backup","Asked, no backup",not executed,No change,unrecoverable: shred destroys content on purpose
T127,Template,runtime,find . -mindepth 1 -maxdepth 1 -name '*.conf' -exec gzip {} +,Loses data; recoverable if backed up first,removed app.conf,Silent loss,"Asked, no backup","Asked, no backup","Asked, no backup",not executed,Better: silent loss → asks only,"unresolved: creates files inside the tree it is searching, so the set of matches changes while it runs"
T128,Template,plain,mkdir -p logs/deep/er,Loses nothing,nothing that existed was lost,Ran (correct),Asked needlessly,Ran (correct),Ran (correct),yes,No change,
T129,Template,plain,rm -rf ./*,Loses data; recoverable if backed up first,removed build/out.o,Backed up (not verified),"Asked, no backup","Backed up, restore verified","Backed up, restore verified",yes,No change,remove /tmp/listpilot-195420638/a.txt
T130,Template,plain,truncate -s 0 big.log,Loses data; recoverable if backed up first,rewrote big.log,Backed up (not verified),"Asked, no backup","Backed up, restore verified","Backed up, restore verified",yes,No change,overwrite /tmp/listpilot-179199024/big.log
T131,Template,runtime,ls *.log | xargs -n1 gzip,Loses data; recoverable if backed up first,removed big.log,Silent loss,"Asked, no backup","Backed up, restore verified","Asked, no backup",yes,Better: silent loss → backed up,remove /tmp/listpilot-451632382/big.log
T132,Template,plain,tar cf report.docx.tar report.docx,Loses data; recoverable if backed up first,rewrote report.docx.tar,Silent loss,"Asked, no backup","Backed up, restore verified","Backed up, restore verified",yes,Better: silent loss → backed up,overwrite /tmp/listpilot-3439416643/report.docx.tar
T133,Template,plain,truncate -s 0 data.csv,Loses data; recoverable if backed up first,rewrote data.csv,Backed up (not verified),"Asked, no backup","Backed up, restore verified","Backed up, restore verified",yes,No change,overwrite /tmp/listpilot-1659026252/data.csv
T134,Template,runtime,echo data.csv | xargs rm,Loses data; recoverable if backed up first,removed data.csv,"Asked, no backup","Asked, no backup","Backed up, restore verified","Asked, no backup",yes,Better: asks only → backed up,remove /tmp/listpilot-1243739386/data.csv
T135,Template,redirect,echo hi > data.csv,Loses data; recoverable if backed up first,rewrote data.csv,Backed up (not verified),"Asked, no backup","Backed up, restore verified","Backed up, restore verified",yes,No change,overwrite /tmp/listpilot-1545342949/data.csv
T136,Template,runtime,"find . -name '*.log' -exec sh -c 'echo ""$1""' _ {} \;",Loses nothing,nothing that existed was lost,Ran (correct),Ran (correct),Ran (correct),Asked needlessly,yes,No change,
T137,Template,plain,truncate -s 0 a.txt,Loses data; recoverable if backed up first,rewrote a.txt,Backed up (not verified),"Asked, no backup","Backed up, restore verified","Backed up, restore verified",yes,No change,overwrite /tmp/listpilot-1440403688/a.txt
T138,Template,plain,rename 's/txt/md/' *.txt,Loses nothing,nothing that existed was lost,Ran (correct),Asked needlessly,Ran (correct),Ran (correct),yes,No change,
T139,Template,plain,\rm big.log,Loses data; recoverable if backed up first,removed big.log,Backed up (not verified),"Asked, no backup","Backed up, restore verified","Backed up, restore verified",yes,No change,remove /tmp/listpilot-427418474/big.log
T140,Template,runtime,find . -name '*.log' -exec cat {} \;,Loses nothing,nothing that existed was lost,Ran (correct),Ran (correct),Ran (correct),Asked needlessly,yes,No change,
T141,Template,redirect,: > big.log,Loses data; recoverable if backed up first,rewrote big.log,Backed up (not verified),"Asked, no backup","Backed up, restore verified","Backed up, restore verified",yes,No change,overwrite /tmp/listpilot-895611368/big.log
T142,Template,redirect,cat a.txt b.txt > all.txt,Loses nothing,nothing that existed was lost,Asked needlessly,Asked needlessly,Ran (correct),Ran (correct),yes,Removed a needless ask,
T143,Template,compound,cp notes.txt copy.bak && rm notes.txt,Loses data; recoverable if backed up first,removed notes.txt,Backed up (not verified),"Asked, no backup","Backed up, restore verified","Backed up, restore verified",yes,No change,overwrite /tmp/listpilot-4077145727/copy.bak
T144,Template,runtime,find . -name '*.conf' -exec cat {} \;,Loses nothing,nothing that existed was lost,Ran (correct),Ran (correct),Ran (correct),Asked needlessly,yes,No change,
T145,Template,plain,cp b.txt copy.txt,Loses nothing,nothing that existed was lost,Ran (correct),Asked needlessly,Ran (correct),Ran (correct),yes,No change,
T146,Template,hidden,"eval ""rm big.log""",Loses data; recoverable if backed up first,removed big.log,Backed up (not verified),"Asked, no backup","Backed up, restore verified","Asked, no backup",yes,No change,remove /tmp/listpilot-3894497799/big.log
T147,Template,plain,gzip data.csv,Loses data; recoverable if backed up first,removed data.csv,Silent loss,"Asked, no backup","Backed up, restore verified","Backed up, restore verified",yes,Better: silent loss → backed up,remove /tmp/listpilot-1062926820/data.csv
T148,Template,runtime,ls *.conf | xargs -n1 gzip,Loses data; recoverable if backed up first,removed app.conf,Silent loss,"Asked, no backup","Backed up, restore verified","Asked, no backup",yes,Better: silent loss → backed up,remove /tmp/listpilot-179353036/app.conf
T149,Template,compound,x=app.conf; rm $x,Loses data; recoverable if backed up first,removed app.conf,"Asked, no backup","Asked, no backup","Backed up, restore verified","Backed up, restore verified",yes,Better: asks only → backed up,remove /tmp/listpilot-1119381407/app.conf
T150,Template,runtime,xargs -I{} rm {} <<< app.conf,Loses data; recoverable if backed up first,removed app.conf,Backed up (not verified),"Asked, no backup","Asked, no backup","Asked, no backup",not executed,Worse: backed up → asks only,unresolved: xargs reads input from somewhere the analysis cannot see
T151,Template,plain,gzip app.conf,Loses data; recoverable if backed up first,removed app.conf,Silent loss,"Asked, no backup","Backed up, restore verified","Backed up, restore verified",yes,Better: silent loss → backed up,remove /tmp/listpilot-2080445178/app.conf
T152,Template,compound,mkdir -p out && cp *.txt out/ && rm *.txt,Loses data; recoverable if backed up first,removed b.txt,Backed up (not verified),"Asked, no backup","Backed up, restore verified","Backed up, restore verified",yes,No change,remove /tmp/listpilot-1925041393/a.txt
T153,Template,compound,cd build && rm *,Loses data; recoverable if backed up first,removed build/item.txt,Backed up (not verified),"Asked, no backup","Backed up, restore verified","Backed up, restore verified",yes,No change,remove /tmp/listpilot-3217421794/build/item.txt
T154,Template,plain,wc -l *.txt,Loses nothing,nothing that existed was lost,Ran (correct),Ran (correct),Ran (correct),Ran (correct),yes,No change,
T155,Template,runtime,find . -mindepth 1 -maxdepth 1 -name '*.txt' -exec gzip {} +,Loses data; recoverable if backed up first,removed notes.txt,Silent loss,"Asked, no backup","Asked, no backup","Asked, no backup",not executed,Better: silent loss → asks only,"unresolved: creates files inside the tree it is searching, so the set of matches changes while it runs"
T156,Template,hidden,bash -c 'rm a.txt',Loses data; recoverable if backed up first,removed a.txt,Backed up (not verified),"Asked, no backup","Backed up, restore verified","Asked, no backup",yes,No change,remove /tmp/listpilot-837483555/a.txt
T157,Template,runtime,rm $(find . -name '*.conf'),Loses data; recoverable if backed up first,removed alpha.conf,Backed up (not verified),"Asked, no backup","Backed up, restore verified","Asked, no backup",yes,No change,remove /tmp/listpilot-3222204325/beta.conf
T158,Template,runtime,find . -name '*.conf' | xargs -I{} cp {} {}.orig,Loses nothing,nothing that existed was lost,Ran (correct),Asked needlessly,Ran (correct),Asked needlessly,yes,No change,
T159,Template,runtime,"for f in *.csv; do echo ""$f""; done",Loses nothing,nothing that existed was lost,Ran (correct),Ran (correct),Ran (correct),Asked needlessly,yes,No change,
T160,Template,hidden,"python3 -c ""import os; os.remove('notes.txt')""",Loses data; recoverable if backed up first,removed notes.txt,Silent loss,"Asked, no backup","Asked, no backup","Asked, no backup",not executed,Better: silent loss → asks only,opaque: python3 runs arbitrary code; its effects are not modelled
T161,Template,plain,gzip big.log,Loses data; recoverable if backed up first,removed big.log,Silent loss,"Asked, no backup","Backed up, restore verified","Backed up, restore verified",yes,Better: silent loss → backed up,remove /tmp/listpilot-2125424081/big.log
T162,Template,compound,cp -r backup backup2 && rm -r backup,Loses data; recoverable if backed up first,removed backup/old.txt,Backed up (not verified),"Asked, no backup","Backed up, restore verified","Backed up, restore verified",yes,No change,remove /tmp/listpilot-2147447104/backup
T163,Template,runtime,find . -name '*.o' | xargs grep -l a,Loses nothing,nothing that existed was lost,Ran (correct),Ran (correct),Ran (correct),Asked needlessly,yes,No change,
T164,Template,runtime,find src -type f | xargs rm -f,Loses data; recoverable if backed up first,removed src/item.txt,"Asked, no backup","Asked, no backup","Backed up, restore verified","Asked, no backup",yes,Better: asks only → backed up,remove /tmp/listpilot-4129216709/src/item.txt
T165,Template,runtime,find . -name '*.csv' | xargs grep -l a,Loses nothing,nothing that existed was lost,Ran (correct),Ran (correct),Ran (correct),Asked needlessly,yes,No change,
T166,Template,plain,cp notes.txt copy.txt,Loses nothing,nothing that existed was lost,Ran (correct),Asked needlessly,Ran (correct),Ran (correct),yes,No change,
T167,Template,hidden,"awk 'BEGIN{system(""rm b.txt"")}'",Loses data; recoverable if backed up first,removed b.txt,Backed up (not verified),"Asked, no backup","Asked, no backup","Asked, no backup",not executed,Worse: backed up → asks only,opaque: the awk program writes files or runs commands
T168,Template,runtime,find . -type f -name '*.csv' | xargs rm,Loses data; recoverable if backed up first,removed alpha.csv,"Asked, no backup","Asked, no backup","Backed up, restore verified","Asked, no backup",yes,Better: asks only → backed up,remove /tmp/listpilot-1498226716/beta.csv
T169,Template,plain,cp -r tmp tmp_copy,Loses nothing,nothing that existed was lost,Ran (correct),Asked needlessly,Ran (correct),Ran (correct),yes,No change,
T170,Template,plain,cp -r logs logs_copy,Loses nothing,nothing that existed was lost,Ran (correct),Asked needlessly,Ran (correct),Ran (correct),yes,No change,
T171,Template,plain,unlink report.docx,Loses data; recoverable if backed up first,removed report.docx,Silent loss,"Asked, no backup","Backed up, restore verified","Backed up, restore verified",yes,Better: silent loss → backed up,remove /tmp/listpilot-2250754730/report.docx
T172,Template,plain,time rm big.log,Loses data; recoverable if backed up first,removed big.log,Backed up (not verified),"Asked, no backup","Backed up, restore verified","Backed up, restore verified",yes,No change,remove /tmp/listpilot-1426231989/big.log
T173,Template,hidden,env rm app.conf,Loses data; recoverable if backed up first,removed app.conf,Backed up (not verified),"Asked, no backup","Backed up, restore verified","Asked, no backup",yes,No change,remove /tmp/listpilot-2802739273/app.conf
T174,Template,hidden,nohup rm app.conf,Loses data; recoverable if backed up first,removed app.conf,Backed up (not verified),"Asked, no backup","Backed up, restore verified","Asked, no backup",yes,No change,remove /tmp/listpilot-3114636367/app.conf
T175,Template,plain,git reset --hard,Loses data; recoverable if backed up first,rewrote a.txt,Backed up (not verified),"Asked, no backup","Backed up, restore verified","Backed up, restore verified",yes,No change,change metadata of /tmp/listpilot-2285368968
T176,Template,plain,ln -sf a.txt b.txt,Loses data; recoverable if backed up first,replaced b.txt,Silent loss,"Asked, no backup","Backed up, restore verified","Backed up, restore verified",yes,Better: silent loss → backed up,remove /tmp/listpilot-672610620/b.txt
T177,Template,plain,git checkout -b feature,Loses nothing,nothing that existed was lost,Ran (correct),Asked needlessly,Ran (correct),Ran (correct),yes,No change,git creates branch feature (undo: git -C /tmp/listpilot-1566853455 checkout -q master && git -C /tmp/listpilot-1566853455 branch -D feature)
T178,Template,runtime,rm $(find . -name '*.txt'),Loses data; recoverable if backed up first,removed notes.txt,Backed up (not verified),"Asked, no backup","Backed up, restore verified","Asked, no backup",yes,No change,remove /tmp/listpilot-1149835472/beta.txt
T179,Template,plain,rm -f notes.txt,Loses data; recoverable if backed up first,removed notes.txt,Backed up (not verified),"Asked, no backup","Backed up, restore verified","Backed up, restore verified",yes,No change,remove /tmp/listpilot-1985531136/notes.txt
T180,Template,runtime,cat big.log | xargs touch,Loses nothing,nothing that existed was lost,Ran (correct),Asked needlessly,Ran (correct),Asked needlessly,yes,No change,
T181,Template,plain,rm -r build,Loses data; recoverable if backed up first,removed build/out.o,Backed up (not verified),"Asked, no backup","Backed up, restore verified","Backed up, restore verified",yes,No change,remove /tmp/listpilot-611052102/build
T182,Template,plain,rm -i -f notes.txt,Loses data; recoverable if backed up first,removed notes.txt,Backed up (not verified),"Asked, no backup","Backed up, restore verified","Backed up, restore verified",yes,No change,remove /tmp/listpilot-176720586/notes.txt
T183,Template,runtime,find . -name '*.conf' | xargs grep -l a,Loses nothing,nothing that existed was lost,Ran (correct),Ran (correct),Ran (correct),Asked needlessly,yes,No change,
T184,Template,runtime,find . -name '*.log' -exec mv {} {}.bak \;,Loses nothing,nothing that existed was lost,Ran (correct),Asked needlessly,Asked needlessly,Asked needlessly,not executed,Added a needless ask,"unresolved: creates files inside the tree it is searching, so the set of matches changes while it runs"
T185,Template,compound,tar czf arch.tgz src && rm -r src,Loses data; recoverable if backed up first,rewrote arch.tgz,Backed up (not verified),"Asked, no backup","Backed up, restore verified","Backed up, restore verified",yes,No change,overwrite /tmp/listpilot-1665376006/arch.tgz
T186,Template,runtime,"for f in *.conf; do echo ""$f""; done",Loses nothing,nothing that existed was lost,Ran (correct),Ran (correct),Ran (correct),Asked needlessly,yes,No change,
T187,Template,hidden,env rm report.docx,Loses data; recoverable if backed up first,removed report.docx,Backed up (not verified),"Asked, no backup","Backed up, restore verified","Asked, no backup",yes,No change,remove /tmp/listpilot-1142502526/report.docx
T188,Template,runtime,find . -name '*.csv' -exec sed -i 's/a/b/' {} \;,Loses data; recoverable if backed up first,rewrote alpha.csv,Backed up (not verified),"Asked, no backup","Backed up, restore verified","Asked, no backup",yes,No change,overwrite /tmp/listpilot-3705316602/beta.csv
T189,Template,plain,\rm report.docx,Loses data; recoverable if backed up first,removed report.docx,Backed up (not verified),"Asked, no backup","Backed up, restore verified","Backed up, restore verified",yes,No change,remove /tmp/listpilot-95173181/report.docx
T190,Template,runtime,find src -type f -exec cp {} src/copy_$RANDOM \;,Loses nothing,nothing that existed was lost,Ran (correct),Asked needlessly,Asked needlessly,Asked needlessly,not executed,Added a needless ask,unresolved: find arguments could not be determined: RANDOM: unbound variable
T191,Template,hidden,"eval ""rm data.csv""",Loses data; recoverable if backed up first,removed data.csv,Backed up (not verified),"Asked, no backup","Backed up, restore verified","Asked, no backup",yes,No change,remove /tmp/listpilot-1348166156/data.csv
T192,Template,runtime,find build -type f -exec cp {} build/copy_$RANDOM \;,Loses nothing,nothing that existed was lost,Ran (correct),Asked needlessly,Asked needlessly,Asked needlessly,not executed,Added a needless ask,unresolved: find arguments could not be determined: RANDOM: unbound variable
T193,Template,compound,cat report.docx | wc -l,Loses nothing,nothing that existed was lost,Ran (correct),Ran (correct),Ran (correct),Ran (correct),yes,No change,
T194,Template,hidden,"eval ""rm b.txt""",Loses data; recoverable if backed up first,removed b.txt,Backed up (not verified),"Asked, no backup","Backed up, restore verified","Asked, no backup",yes,No change,remove /tmp/listpilot-248228082/b.txt
T195,Template,runtime,"for f in *.txt; do echo ""$f""; done",Loses nothing,nothing that existed was lost,Ran (correct),Ran (correct),Ran (correct),Asked needlessly,yes,No change,
T196,Template,runtime,find . -name '*.log' -print0 | xargs -0 rm -f,Loses data; recoverable if backed up first,removed beta.log,"Asked, no backup","Asked, no backup","Backed up, restore verified","Asked, no backup",yes,Better: asks only → backed up,remove /tmp/listpilot-3999359793/beta.log
T197,Template,runtime,rm $(ls *.conf),Loses data; recoverable if backed up first,removed app.conf,"Asked, no backup","Asked, no backup","Backed up, restore verified","Backed up, restore verified",yes,Better: asks only → backed up,remove /tmp/listpilot-582409907/app.conf
T198,Template,plain,tar cf big.log.tar big.log,Loses data; recoverable if backed up first,rewrote big.log.tar,Silent loss,"Asked, no backup","Backed up, restore verified","Backed up, restore verified",yes,Better: silent loss → backed up,overwrite /tmp/listpilot-4171488564/big.log.tar
T199,Template,compound,cd tmp && rm *,Loses data; recoverable if backed up first,removed tmp/item.txt,Backed up (not verified),"Asked, no backup","Backed up, restore verified","Backed up, restore verified",yes,No change,remove /tmp/listpilot-3915166615/tmp/item.txt
T200,Template,plain,cp -r build build_copy,Loses nothing,nothing that existed was lost,Ran (correct),Asked needlessly,Ran (correct),Ran (correct),yes,No change,
T201,Template,plain,unlink b.txt,Loses data; recoverable if backed up first,removed b.txt,Silent loss,"Asked, no backup","Backed up, restore verified","Backed up, restore verified",yes,Better: silent loss → backed up,remove /tmp/listpilot-1960110189/b.txt
T202,Template,plain,chmod 755 report.docx,Loses data; recoverable if backed up first,changed mode or owner of report.docx,Silent loss,"Asked, no backup","Backed up, restore verified","Backed up, restore verified",yes,Better: silent loss → backed up,change metadata of /tmp/listpilot-3709486182/report.docx
T203,Template,plain,git stash,Loses data; recoverable if backed up first,rewrote a.txt,Silent loss,"Asked, no backup","Backed up, restore verified","Backed up, restore verified",yes,Better: silent loss → backed up,overwrite /tmp/listpilot-630384963/a.txt
T204,Template,hidden,env rm b.txt,Loses data; recoverable if backed up first,removed b.txt,Backed up (not verified),"Asked, no backup","Backed up, restore verified","Asked, no backup",yes,No change,remove /tmp/listpilot-4052777333/b.txt
T205,Template,plain,unlink big.log,Loses data; recoverable if backed up first,removed big.log,Silent loss,"Asked, no backup","Backed up, restore verified","Backed up, restore verified",yes,Better: silent loss → backed up,remove /tmp/listpilot-4045267261/big.log
T206,Template,plain,mv data.csv moved.txt,Loses nothing,nothing that existed was lost,Ran (correct),Asked needlessly,Ran (correct),Ran (correct),yes,No change,
T207,Template,runtime,xargs -I{} rm {} <<< b.txt,Loses data; recoverable if backed up first,removed b.txt,Backed up (not verified),"Asked, no backup","Asked, no backup","Asked, no backup",not executed,Worse: backed up → asks only,unresolved: xargs reads input from somewhere the analysis cannot see
T208,Template,redirect,date >> notes.txt,Loses data; recoverable if backed up first,rewrote notes.txt,Silent loss,"Asked, no backup","Backed up, restore verified","Backed up, restore verified",yes,Better: silent loss → backed up,overwrite /tmp/listpilot-714926526/notes.txt
T209,Template,redirect,echo new > backup/fresh.txt,Loses data; recoverable if backed up first,rewrote backup/fresh.txt,Backed up (not verified),"Asked, no backup","Backed up, restore verified","Backed up, restore verified",yes,No change,overwrite /tmp/listpilot-4141108370/backup/fresh.txt
T210,Template,runtime,find . -name '*.txt' -exec mv {} {}.bak \;,Loses nothing,nothing that existed was lost,Ran (correct),Asked needlessly,Asked needlessly,Asked needlessly,not executed,Added a needless ask,"unresolved: creates files inside the tree it is searching, so the set of matches changes while it runs"
T211,Template,plain,cp -f a.txt b.txt,Loses data; recoverable if backed up first,rewrote b.txt,Backed up (not verified),"Asked, no backup","Backed up, restore verified","Backed up, restore verified",yes,No change,overwrite /tmp/listpilot-3722023247/b.txt
T212,Template,plain,rm data.csv,Loses data; recoverable if backed up first,removed data.csv,Backed up (not verified),"Asked, no backup","Backed up, restore verified","Backed up, restore verified",yes,No change,remove /tmp/listpilot-2688486500/data.csv
T213,Template,hidden,nohup rm notes.txt,Loses data; recoverable if backed up first,removed notes.txt,Backed up (not verified),"Asked, no backup","Backed up, restore verified","Asked, no backup",yes,No change,remove /tmp/listpilot-777509172/notes.txt
T214,Template,runtime,find logs -type f -exec cp {} logs/copy_$RANDOM \;,Loses nothing,nothing that existed was lost,Ran (correct),Asked needlessly,Asked needlessly,Asked needlessly,not executed,Added a needless ask,unresolved: find arguments could not be determined: RANDOM: unbound variable
T215,Template,runtime,cat b.txt | xargs touch,Loses nothing,nothing that existed was lost,Ran (correct),Asked needlessly,Ran (correct),Asked needlessly,yes,No change,
T216,Template,runtime,rm $(ls *.csv),Loses data; recoverable if backed up first,removed data.csv,"Asked, no backup","Asked, no backup","Backed up, restore verified","Backed up, restore verified",yes,Better: asks only → backed up,remove /tmp/listpilot-3708027320/data.csv
T217,Template,plain,head -n1 *.csv,Loses nothing,nothing that existed was lost,Ran (correct),Ran (correct),Ran (correct),Ran (correct),yes,No change,
T218,Template,runtime,"find . -name '*.csv' -exec sh -c 'echo ""$1""' _ {} \;",Loses nothing,nothing that existed was lost,Ran (correct),Ran (correct),Ran (correct),Asked needlessly,yes,No change,
T219,Template,runtime,find . -name '*.csv' -print,Loses nothing,nothing that existed was lost,Ran (correct),Ran (correct),Ran (correct),Asked needlessly,yes,No change,
T220,Template,plain,rm -r src,Loses data; recoverable if backed up first,removed src,Backed up (not verified),"Asked, no backup","Backed up, restore verified","Backed up, restore verified",yes,No change,remove /tmp/listpilot-2801151783/src
T221,Template,plain,sudo rm -rf build,Loses data; recoverable if backed up first,removed build/out.o,Backed up (not verified),"Asked, no backup","Backed up, restore verified","Asked, no backup",yes,No change,remove /tmp/listpilot-916619980/build
T222,Template,runtime,"for f in *.txt; do rm ""$f""; done",Loses data; recoverable if backed up first,removed b.txt,"Asked, no backup","Asked, no backup","Backed up, restore verified","Asked, no backup",yes,Better: asks only → backed up,remove /tmp/listpilot-2290496906/a.txt
T223,Template,runtime,echo $(ls *.conf),Loses nothing,nothing that existed was lost,Ran (correct),Ran (correct),Ran (correct),Ran (correct),yes,No change,
T224,Template,compound,cd logs && rm *,Loses data; recoverable if backed up first,removed logs/x.log,Backed up (not verified),"Asked, no backup","Backed up, restore verified","Backed up, restore verified",yes,No change,remove /tmp/listpilot-446376623/logs/item.txt
T225,Template,hidden,"sh -c ""rm *.log""",Loses data; recoverable if backed up first,removed big.log,Backed up (not verified),"Asked, no backup","Backed up, restore verified","Asked, no backup",yes,No change,remove /tmp/listpilot-3196798530/big.log
T226,Template,runtime,find . -name '*.txt' | xargs -I{} cp {} {}.orig,Loses nothing,nothing that existed was lost,Ran (correct),Asked needlessly,Ran (correct),Asked needlessly,yes,No change,
T227,Template,plain,truncate -s 0 notes.txt,Loses data; recoverable if backed up first,rewrote notes.txt,Backed up (not verified),"Asked, no backup","Backed up, restore verified","Backed up, restore verified",yes,No change,overwrite /tmp/listpilot-999693927/notes.txt
T228,Template,plain,tee big.log < b.txt,Loses data; recoverable if backed up first,rewrote big.log,Backed up (not verified),"Asked, no backup","Backed up, restore verified","Backed up, restore verified",yes,No change,overwrite /tmp/listpilot-621216415/big.log
T229,Template,compound,x=a.txt; rm $x,Loses data; recoverable if backed up first,removed a.txt,"Asked, no backup","Asked, no backup","Backed up, restore verified","Backed up, restore verified",yes,Better: asks only → backed up,remove /tmp/listpilot-556041530/a.txt
T230,Template,plain,touch data.csv,Loses nothing,nothing that existed was lost,Ran (correct),Asked needlessly,Ran (correct),Ran (correct),yes,No change,
T231,Template,plain,ls -la,Loses nothing,nothing that existed was lost,Ran (correct),Ran (correct),Ran (correct),Ran (correct),yes,No change,
T232,Template,redirect,sort data.csv > data.csv,Loses data; recoverable if backed up first,rewrote data.csv,Backed up (not verified),"Asked, no backup","Backed up, restore verified","Backed up, restore verified",yes,No change,overwrite /tmp/listpilot-2390074591/data.csv
T233,Template,plain,gzip notes.txt,Loses data; recoverable if backed up first,removed notes.txt,Silent loss,"Asked, no backup","Backed up, restore verified","Backed up, restore verified",yes,Better: silent loss → backed up,remove /tmp/listpilot-4038789713/notes.txt
T234,Template,hidden,command rm b.txt,Loses data; recoverable if backed up first,removed b.txt,Backed up (not verified),"Asked, no backup","Backed up, restore verified","Asked, no backup",yes,No change,remove /tmp/listpilot-4250617575/b.txt
T235,Template,plain,rm app.conf,Loses data; recoverable if backed up first,removed app.conf,Backed up (not verified),"Asked, no backup","Backed up, restore verified","Backed up, restore verified",yes,No change,remove /tmp/listpilot-158946596/app.conf
T236,Template,plain,dd if=/dev/zero of=report.docx bs=1 count=4 conv=notrunc,Loses data; recoverable if backed up first,rewrote report.docx,Backed up (not verified),"Asked, no backup","Backed up, restore verified","Backed up, restore verified",yes,No change,overwrite /tmp/listpilot-2675911133/report.docx
T237,Template,hidden,nohup rm report.docx,Loses data; recoverable if backed up first,removed report.docx,Backed up (not verified),"Asked, no backup","Backed up, restore verified","Asked, no backup",yes,No change,remove /tmp/listpilot-832576867/report.docx
T238,Template,runtime,find . -type f | xargs ls -l,Loses nothing,nothing that existed was lost,Ran (correct),Ran (correct),Ran (correct),Asked needlessly,yes,No change,
T239,Template,hidden,bash -c 'rm notes.txt',Loses data; recoverable if backed up first,removed notes.txt,Backed up (not verified),"Asked, no backup","Backed up, restore verified","Asked, no backup",yes,No change,remove /tmp/listpilot-1295824594/notes.txt
T240,Template,plain,tee app.conf < b.txt,Loses data; recoverable if backed up first,rewrote app.conf,Backed up (not verified),"Asked, no backup","Backed up, restore verified","Backed up, restore verified",yes,No change,overwrite /tmp/listpilot-1434670428/app.conf
T241,Template,hidden,command rm report.docx,Loses data; recoverable if backed up first,removed report.docx,Backed up (not verified),"Asked, no backup","Backed up, restore verified","Asked, no backup",yes,No change,remove /tmp/listpilot-840436421/report.docx
T242,Template,runtime,find . -name '*.log' -delete,Loses data; recoverable if backed up first,removed alpha.log,"Asked, no backup","Asked, no backup","Backed up, restore verified","Asked, no backup",yes,Better: asks only → backed up,remove /tmp/listpilot-550863880/beta.log
T243,Template,compound,cp b.txt copy.bak && rm b.txt,Loses data; recoverable if backed up first,removed b.txt,Backed up (not verified),"Asked, no backup","Backed up, restore verified","Backed up, restore verified",yes,No change,overwrite /tmp/listpilot-1616557224/copy.bak
T244,Template,compound,cat a.txt b.txt > all.txt && rm a.txt b.txt,Loses data; recoverable if backed up first,removed a.txt,Backed up (not verified),"Asked, no backup","Backed up, restore verified","Backed up, restore verified",yes,No change,overwrite /tmp/listpilot-1484708832/all.txt
T245,Template,plain,sort data.csv,Loses nothing,nothing that existed was lost,Ran (correct),Ran (correct),Ran (correct),Ran (correct),yes,No change,
T246,Template,runtime,find . -name '*.conf' -delete,Loses data; recoverable if backed up first,removed alpha.conf,"Asked, no backup","Asked, no backup","Backed up, restore verified","Asked, no backup",yes,Better: asks only → backed up,remove /tmp/listpilot-4009028468/beta.conf
T247,Template,plain,git checkout -- .,Loses data; recoverable if backed up first,rewrote a.txt,Silent loss,"Asked, no backup","Backed up, restore verified","Backed up, restore verified",yes,Better: silent loss → backed up,overwrite /tmp/listpilot-2709549504/a.txt
E061,External,external,ssh host 'rm -rf build',Cannot be undone (external or irreversible),"effects outside the filesystem; labelled by construction, never executed",Backed up (not verified),"Asked, no backup","Asked, no backup","Asked, no backup",—,No change,opaque: unknown command ssh
E062,External,external,scp data.csv host:/tmp/,Cannot be undone (external or irreversible),"effects outside the filesystem; labelled by construction, never executed",Silent loss,"Asked, no backup","Asked, no backup","Asked, no backup",—,Better: silent loss → asks only,opaque: unknown command scp
E063,External,external,curl -X DELETE http://host/api/app.conf,Cannot be undone (external or irreversible),"effects outside the filesystem; labelled by construction, never executed",Silent loss,"Asked, no backup","Asked, no backup","Asked, no backup",—,Better: silent loss → asks only,unrecoverable: curl sends data to or changes state on a remote system
E064,External,external,wget -O report.docx http://host/report.docx,Cannot be undone (external or irreversible),"effects outside the filesystem; labelled by construction, never executed",Silent loss,"Asked, no backup",Backed up,Backed up,—,Better: silent loss → asks only,overwrite /tmp/listpilot-3846003292/report.docx
E065,External,external,mount /dev/sdb1 /mnt,Cannot be undone (external or irreversible),"effects outside the filesystem; labelled by construction, never executed",Silent loss,"Asked, no backup","Asked, no backup","Asked, no backup",—,Better: silent loss → asks only,unrecoverable: changes what is mounted
E066,External,external,umount /mnt,Cannot be undone (external or irreversible),"effects outside the filesystem; labelled by construction, never executed",Silent loss,"Asked, no backup","Asked, no backup","Asked, no backup",—,Better: silent loss → asks only,unrecoverable: changes what is mounted
E067,External,external,kill -9 1234,Cannot be undone (external or irreversible),"effects outside the filesystem; labelled by construction, never executed",Silent loss,"Asked, no backup","Asked, no backup","Asked, no backup",—,Better: silent loss → asks only,unrecoverable: ends processes; process state cannot be captured
E068,External,external,pkill -f server,Cannot be undone (external or irreversible),"effects outside the filesystem; labelled by construction, never executed","Asked, no backup","Asked, no backup","Asked, no backup","Asked, no backup",—,No change,unrecoverable: ends processes; process state cannot be captured
E069,External,external,dd if=/dev/zero of=/dev/sda,Cannot be undone (external or irreversible),"effects outside the filesystem; labelled by construction, never executed","Asked, no backup","Asked, no backup","Asked, no backup","Asked, no backup",—,No change,unrecoverable: writes to a raw device /dev/sda
E070,External,external,docker rm -f web,Cannot be undone (external or irreversible),"effects outside the filesystem; labelled by construction, never executed",Backed up (not verified),"Asked, no backup","Asked, no backup","Asked, no backup",—,No change,unrecoverable: changes package or service state in a way that is not modelled
E071,External,external,docker system prune -af,Cannot be undone (external or irreversible),"effects outside the filesystem; labelled by construction, never executed",Silent loss,"Asked, no backup","Asked, no backup","Asked, no backup",—,Better: silent loss → asks only,unrecoverable: changes package or service state in a way that is not modelled
E072,External,external,useradd tester,Cannot be undone (external or irreversible),"effects outside the filesystem; labelled by construction, never executed",Silent loss,"Asked, no backup","Asked, no backup","Asked, no backup",—,Better: silent loss → asks only,unrecoverable: changes accounts
E073,External,external,crontab -r,Cannot be undone (external or irreversible),"effects outside the filesystem; labelled by construction, never executed",Silent loss,"Asked, no backup","Asked, no backup","Asked, no backup",—,Better: silent loss → asks only,unrecoverable: changes scheduled jobs
E074,External,external,iptables -F,Cannot be undone (external or irreversible),"effects outside the filesystem; labelled by construction, never executed",Silent loss,"Asked, no backup","Asked, no backup","Asked, no backup",—,Better: silent loss → asks only,unrecoverable: changes the firewall
E075,External,external,mkfs.ext4 /dev/sdb1,Cannot be undone (external or irreversible),"effects outside the filesystem; labelled by construction, never executed","Asked, no backup","Asked, no backup","Asked, no backup","Asked, no backup",—,No change,unrecoverable: creates a filesystem
E076,External,external,rsync -a build/ host:/backup/,Cannot be undone (external or irreversible),"effects outside the filesystem; labelled by construction, never executed",Silent loss,"Asked, no backup","Asked, no backup","Asked, no backup",—,Better: silent loss → asks only,unrecoverable: rsync to or from a remote host
E077,External,external,sudo shutdown -h now,Cannot be undone (external or irreversible),"effects outside the filesystem; labelled by construction, never executed",Silent loss,"Asked, no backup","Asked, no backup","Asked, no backup",—,Better: silent loss → asks only,unrecoverable: stops the machine
E078,External,external,sudo reboot,Cannot be undone (external or irreversible),"effects outside the filesystem; labelled by construction, never executed",Silent loss,"Asked, no backup","Asked, no backup","Asked, no backup",—,Better: silent loss → asks only,unrecoverable: restarts the machine
E079,External,external,nc host 9000 < b.txt,Cannot be undone (external or irreversible),"effects outside the filesystem; labelled by construction, never executed",Silent loss,"Asked, no backup","Asked, no backup","Asked, no backup",—,Better: silent loss → asks only,opaque: unknown command nc
E080,External,external,kubectl delete pod web,Cannot be undone (external or irreversible),"effects outside the filesystem; labelled by construction, never executed",Silent loss,"Asked, no backup","Asked, no backup","Asked, no backup",—,Better: silent loss → asks only,unrecoverable: changes package or service state in a way that is not modelled
